Workbook

Sheet README
A1: NBA 2024-25 Head-to-Head Workbook
A2: What is in this file | B2: Complete team-vs-team head-to-head results for the 2024-25 NBA regular season, for all 30 teams.
A3: How to read it | B3: Use 'Series_Matrix' for W-L by row team vs column opponent; 'Detail' for one row per team/opponent; 'Games_Raw' for the source game list.
A4: Season scope | B4: Regular season only (82 games per team).
A5: Data source URL | B5: https://fixturedownload.com/download/nba-2024-UTC.csv
A6: Source page URL | B6: https://fixturedownload.com/results/nba-2024
A7: Official NBA schedule article | B7: https://www.nba.com/news/2024-25-nba-regular-season-schedule
A8: Excluded from totals | B8: The source file contains one extra Bucks-Thunder neutral-site Emirates NBA Cup Championship game. It is flagged as 'No' in Games_Raw > Is Regular Season and excluded from all head-to-head totals.
A9: Validation | B9: The workbook formulas produce 82 regular-season games for every team after that exclusion.

Sheet Games_Raw
A1: Match Number | B1: Round Number | C1: Date/Time (UTC) | D1: Location | E1: Home Team | F1: Away Team | G1: Home Score | H1: Away Score | I1: Winner | J1: Loser | K1: Is Regular Season | L1: Notes | M1: Source URL
A2: 1 | B2: 1 | C2: 22/10/2024 23:30 | D2: TD Garden | E2: Boston Celtics | F2: New York Knicks | G2: 132 | H2: 109 | I2: Boston Celtics | J2: New York Knicks | K2: Yes | M2: https://fixturedownload.com/download/nba-2024-UTC.csv
A3: 2 | B3: 1 | C3: 23/10/2024 02:00 | D3: Crypto.com Arena | E3: Los Angeles Lakers | F3: Minnesota Timberwolves | G3: 110 | H3: 103 | I3: Los Angeles Lakers | J3: Minnesota Timberwolves | K3: Yes | M3: https://fixturedownload.com/download/nba-2024-UTC.csv
A4: 3 | B4: 1 | C4: 23/10/2024 23:00 | D4: Little Caesars Arena | E4: Detroit Pistons | F4: Indiana Pacers | G4: 109 | H4: 115 | I4: Indiana Pacers | J4: Detroit Pistons | K4: Yes | M4: https://fixturedownload.com/download/nba-2024-UTC.csv
A5: 4 | B5: 1 | C5: 23/10/2024 23:30 | D5: State Farm Arena | E5: Atlanta Hawks | F5: Brooklyn Nets | G5: 120 | H5: 116 | I5: Atlanta Hawks | J5: Brooklyn Nets | K5: Yes | M5: https://fixturedownload.com/download/nba-2024-UTC.csv
A6: 5 | B6: 1 | C6: 23/10/2024 23:30 | D6: Kaseya Center | E6: Miami Heat | F6: Orlando Magic | G6: 97 | H6: 116 | I6: Orlando Magic | J6: Miami Heat | K6: Yes | M6: https://fixturedownload.com/download/nba-2024-UTC.csv
A7: 6 | B7: 1 | C7: 23/10/2024 23:30 | D7: Wells Fargo Center | E7: Philadelphia 76ers | F7: Milwaukee Bucks | G7: 109 | H7: 124 | I7: Milwaukee Bucks | J7: Philadelphia 76ers | K7: Yes | M7: https://fixturedownload.com/download/nba-2024-UTC.csv
A8: 7 | B8: 1 | C8: 23/10/2024 23:30 | D8: Scotiabank Arena | E8: Toronto Raptors | F8: Cleveland Cavaliers | G8: 106 | H8: 136 | I8: Cleveland Cavaliers | J8: Toronto Raptors | K8: Yes | M8: https://fixturedownload.com/download/nba-2024-UTC.csv
A9: 8 | B9: 1 | C9: 24/10/2024 00:00 | D9: Toyota Center | E9: Houston Rockets | F9: Charlotte Hornets | G9: 105 | H9: 110 | I9: Charlotte Hornets | J9: Houston Rockets | K9: Yes | M9: https://fixturedownload.com/download/nba-2024-UTC.csv
A10: 9 | B10: 1 | C10: 24/10/2024 00:00 | D10: Smoothie King Center | E10: New Orleans Pelicans | F10: Chicago Bulls | G10: 123 | H10: 111 | I10: New Orleans Pelicans | J10: Chicago Bulls | K10: Yes | M10: https://fixturedownload.com/download/nba-2024-UTC.csv
A11: 10 | B11: 1 | C11: 24/10/2024 01:00 | D11: Delta Center | E11: Utah Jazz | F11: Memphis Grizzlies | G11: 124 | H11: 126 | I11: Memphis Grizzlies | J11: Utah Jazz | K11: Yes | M11: https://fixturedownload.com/download/nba-2024-UTC.csv
A12: 11 | B12: 1 | C12: 24/10/2024 02:00 | D12: Intuit Dome | E12: LA Clippers | F12: Phoenix Suns | G12: 113 | H12: 116 | I12: Phoenix Suns | J12: LA Clippers | K12: Yes | M12: https://fixturedownload.com/download/nba-2024-UTC.csv
A13: 12 | B13: 1 | C13: 24/10/2024 02:00 | D13: Moda Center | E13: Portland Trail Blazers | F13: Golden State Warriors | G13: 104 | H13: 140 | I13: Golden State Warriors | J13: Portland Trail Blazers | K13: Yes | M13: https://fixturedownload.com/download/nba-2024-UTC.csv
... A390: 1226 | B390: 8 | C390: 17/12/2024 03:30 | D390: Intuit Dome | E390: LA Clippers | F390: Utah Jazz | G390: 144 | H390: 107 | I390: LA Clippers | J390: Utah Jazz | K390: Yes | M390: https://fixturedownload.com/download/nba-2024-UTC.csv
A391: 1231 | B391: 8 | C391: 18/12/2024 01:30 | D391: T-Mobile Arena | E391: Oklahoma City Thunder | F391: Milwaukee Bucks | G391: 81 | H391: 97 | I391: Milwaukee Bucks | J391: Oklahoma City Thunder | K391: No | L391: Emirates NBA Cup Championship (excluded from regular-season head-to-head totals) | M391: https://fixturedownload.com/download/nba-2024-UTC.csv
A392: 360 | B392: 8 | C392: 20/12/2024 00:00 | D392: Little Caesars Arena | E392: Detroit Pistons | F392: Utah Jazz | G392: 119 | H392: 126 | I392: Utah Jazz | J392: Detroit Pistons | K392: Yes | M392: https://fixturedownload.com/download/nba-2024-UTC.csv
A393: 361 | B393: 8 | C393: 20/12/2024 00:00 | D393: Kia Center | E393: Orlando Magic | F393: Oklahoma City Thunder | G393: 99 | H393: 105 | I393: Oklahoma City Thunder | J393: Orlando Magic | K393: Yes | M393: https://fixturedownload.com/download/nba-2024-UTC.csv
A394: 362 | B394: 8 | C394: 20/12/2024 00:00 | D394: Capital One Arena | E394: Washington Wizards | F394: Charlotte Hornets | G394: 123 | H394: 114 | I394: Washington Wizards | J394: Charlotte Hornets | K394: Yes | M394: https://fixturedownload.com/download/nba-2024-UTC.csv
A395: 363 | B395: 8 | C395: 20/12/2024 00:30 | D395: TD Garden | E395: Boston Celtics | F395: Chicago Bulls | G395: 108 | H395: 117 | I395: Chicago Bulls | J395: Boston Celtics | K395: Yes | M395: https://fixturedownload.com/download/nba-2024-UTC.csv
A396: 364 | B396: 8 | C396: 20/12/2024 00:30 | D396: Scotiabank Arena | E396: Toronto Raptors | F396: Brooklyn Nets | G396: 94 | H396: 101 | I396: Brooklyn Nets | J396: Toronto Raptors | K396: Yes | M396: https://fixturedownload.com/download/nba-2024-UTC.csv
A397: 365 | B397: 8 | C397: 20/12/2024 01:00 | D397: Toyota Center | E397: Houston Rockets | F397: New Orleans Pelicans | G397: 133 | H397: 113 | I397: Houston Rockets | J397: New Orleans Pelicans | K397: Yes | M397: https://fixturedownload.com/download/nba-2024-UTC.csv
A398: 366 | B398: 8 | C398: 20/12/2024 01:00 | D398: FedExForum | E398: Memphis Grizzlies | F398: Golden State Warriors | G398: 144 | H398: 93 | I398: Memphis Grizzlies | J398: Golden State Warriors | K398: Yes | M398: https://fixturedownload.com/download/nba-2024-UTC.csv
A399: 370 | B399: 8 | C399: 20/12/2024 01:00 | D399: Frost Bank Center | E399: San Antonio Spurs | F399: Atlanta Hawks | G399: 133 | H399: 126 | I399: San Antonio Spurs | J399: Atlanta Hawks | K399: Yes | M399: https://fixturedownload.com/download/nba-2024-UTC.csv
A400: 368 | B400: 8 | C400: 20/12/2024 01:30 | D400: American Airlines Center | E400: Dallas Mavericks | F400: LA Clippers | G400: 95 | H400: 118 | I400: LA Clippers | J400: Dallas Mavericks | K400: Yes | M400: https://fixturedownload.com/download/nba-2024-UTC.csv
A401: 369 | B401: 8 | C401: 20/12/2024 02:00 | D401: PHX Arena | E401: Phoenix Suns | F401: Indiana Pacers | G401: 111 | H401: 120 | I401: Indiana Pacers | J401: Phoenix Suns | K401: Yes | M401: https://fixturedownload.com/download/nba-2024-UTC.csv
A402: 367 | B402: 8 | C402: 20/12/2024 02:30 | D402: Target Center | E402: Minnesota Timberwolves | F402: New York Knicks | G402: 107 | H402: 133 | I402: New York Knicks | J402: Minnesota Timberwolves | K402: Yes | M402: https://fixturedownload.com/download/nba-2024-UTC.csv
A403: 371 | B403: 8 | C403: 20/12/2024 03:00 | D403: Moda Center | E403: Portland Trail Blazers | F403: Denver Nuggets | G403: 126 | H403: 124 | I403: Portland Trail Blazers | J403: Denver Nuggets | K403: Yes | M403: https://fixturedownload.com/download/nba-2024-UTC.csv
... A1232: 1200 | B1232: 23 | C1232: 13/04/2025 19:30 | D1232: Golden 1 Center | E1232: Sacramento Kings | F1232: Phoenix Suns | G1232: 109 | H1232: 98 | I1232: Sacramento Kings | J1232: Phoenix Suns | K1232: Yes | M1232: https://fixturedownload.com/download/nba-2024-UTC.csv

Sheet Validation
A1: Team | B1: Regular-Season Games | C1: Wins | D1: Losses | E1: Wins + Losses | F1: Check
A2: Atlanta Hawks | B2: =COUNTIFS(Games_Raw!$K$2:$K$1232,"Yes",Games_Raw!$E$2:$E$1232,"Atlanta Hawks")+COUNTIFS(Games_Raw!$K$2:$K$1232,"Yes",Games_Raw!$F$2:$F$1232,"Atlanta Hawks") -> 82 | C2: =COUNTIFS(Games_Raw!$K$2:$K$1232,"Yes",Games_Raw!$I$2:$I$1232,"Atlanta Hawks") -> 40 | D2: =COUNTIFS(Games_Raw!$K$2:$K$1232,"Yes",Games_Raw!$J$2:$J$1232,"Atlanta Hawks") -> 42 | E2: =C2+D2 -> 82 | F2: =IF(AND(B2=82,E2=82),"OK","CHECK") -> OK
A3: Boston Celtics | B3: =COUNTIFS(Games_Raw!$K$2:$K$1232,"Yes",Games_Raw!$E$2:$E$1232,"Boston Celtics")+COUNTIFS(Games_Raw!$K$2:$K$1232,"Yes",Games_Raw!$F$2:$F$1232,"Boston Celtics") -> 82 | C3: =COUNTIFS(Games_Raw!$K$2:$K$1232,"Yes",Games_Raw!$I$2:$I$1232,"Boston Celtics") -> 61 | D3: =COUNTIFS(Games_Raw!$K$2:$K$1232,"Yes",Games_Raw!$J$2:$J$1232,"Boston Celtics") -> 21 | E3: =C3+D3 -> 82 | F3: =IF(AND(B3=82,E3=82),"OK","CHECK") -> OK
A4: Brooklyn Nets | B4: =COUNTIFS(Games_Raw!$K$2:$K$1232,"Yes",Games_Raw!$E$2:$E$1232,"Brooklyn Nets")+COUNTIFS(Games_Raw!$K$2:$K$1232,"Yes",Games_Raw!$F$2:$F$1232,"Brooklyn Nets") -> 82 | C4: =COUNTIFS(Games_Raw!$K$2:$K$1232,"Yes",Games_Raw!$I$2:$I$1232,"Brooklyn Nets") -> 26 | D4: =COUNTIFS(Games_Raw!$K$2:$K$1232,"Yes",Games_Raw!$J$2:$J$1232,"Brooklyn Nets") -> 56 | E4: =C4+D4 -> 82 | F4: =IF(AND(B4=82,E4=82),"OK","CHECK") -> OK
A5: Charlotte Hornets | B5: =COUNTIFS(Games_Raw!$K$2:$K$1232,"Yes",Games_Raw!$E$2:$E$1232,"Charlotte Hornets")+COUNTIFS(Games_Raw!$K$2:$K$1232,"Yes",Games_Raw!$F$2:$F$1232,"Charlotte Hornets") -> 82 | C5: =COUNTIFS(Games_Raw!$K$2:$K$1232,"Yes",Games_Raw!$I$2:$I$1232,"Charlotte Hornets") -> 19 | D5: =COUNTIFS(Games_Raw!$K$2:$K$1232,"Yes",Games_Raw!$J$2:$J$1232,"Charlotte Hornets") -> 63 | E5: =C5+D5 -> 82 | F5: =IF(AND(B5=82,E5=82),"OK","CHECK") -> OK
A6: Chicago Bulls | B6: =COUNTIFS(Games_Raw!$K$2:$K$1232,"Yes",Games_Raw!$E$2:$E$1232,"Chicago Bulls")+COUNTIFS(Games_Raw!$K$2:$K$1232,"Yes",Games_Raw!$F$2:$F$1232,"Chicago Bulls") -> 82 | C6: =COUNTIFS(Games_Raw!$K$2:$K$1232,"Yes",Games_Raw!$I$2:$I$1232,"Chicago Bulls") -> 39 | D6: =COUNTIFS(Games_Raw!$K$2:$K$1232,"Yes",Games_Raw!$J$2:$J$1232,"Chicago Bulls") -> 43 | E6: =C6+D6 -> 82 | F6: =IF(AND(B6=82,E6=82),"OK","CHECK") -> OK
A7: Cleveland Cavaliers | B7: =COUNTIFS(Games_Raw!$K$2:$K$1232,"Yes",Games_Raw!$E$2:$E$1232,"Cleveland Cavaliers")+COUNTIFS(Games_Raw!$K$2:$K$1232,"Yes",Games_Raw!$F$2:$F$1232,"Cleveland Cavaliers") -> 82 | C7: =COUNTIFS(Games_Raw!$K$2:$K$1232,"Yes",Games_Raw!$I$2:$I$1232,"Cleveland Cavaliers") -> 64 | D7: =COUNTIFS(Games_Raw!$K$2:$K$1232,"Yes",Games_Raw!$J$2:$J$1232,"Cleveland Cavaliers") -> 18 | E7: =C7+D7 -> 82 | F7: =IF(AND(B7=82,E7=82),"OK","CHECK") -> OK
A8: Dallas Mavericks | B8: =COUNTIFS(Games_Raw!$K$2:$K$1232,"Yes",Games_Raw!$E$2:$E$1232,"Dallas Mavericks")+COUNTIFS(Games_Raw!$K$2:$K$1232,"Yes",Games_Raw!$F$2:$F$1232,"Dallas Mavericks") -> 82 | C8: =COUNTIFS(Games_Raw!$K$2:$K$1232,"Yes",Games_Raw!$I$2:$I$1232,"Dallas Mavericks") -> 39 | D8: =COUNTIFS(Games_Raw!$K$2:$K$1232,"Yes",Games_Raw!$J$2:$J$1232,"Dallas Mavericks") -> 43 | E8: =C8+D8 -> 82 | F8: =IF(AND(B8=82,E8=82),"OK","CHECK") -> OK
A9: Denver Nuggets | B9: =COUNTIFS(Games_Raw!$K$2:$K$1232,"Yes",Games_Raw!$E$2:$E$1232,"Denver Nuggets")+COUNTIFS(Games_Raw!$K$2:$K$1232,"Yes",Games_Raw!$F$2:$F$1232,"Denver Nuggets") -> 82 | C9: =COUNTIFS(Games_Raw!$K$2:$K$1232,"Yes",Games_Raw!$I$2:$I$1232,"Denver Nuggets") -> 50 | D9: =COUNTIFS(Games_Raw!$K$2:$K$1232,"Yes",Games_Raw!$J$2:$J$1232,"Denver Nuggets") -> 32 | E9: =C9+D9 -> 82 | F9: =IF(AND(B9=82,E9=82),"OK","CHECK") -> OK
A10: Detroit Pistons | B10: =COUNTIFS(Games_Raw!$K$2:$K$1232,"Yes",Games_Raw!$E$2:$E$1232,"Detroit Pistons")+COUNTIFS(Games_Raw!$K$2:$K$1232,"Yes",Games_Raw!$F$2:$F$1232,"Detroit Pistons") -> 82 | C10: =COUNTIFS(Games_Raw!$K$2:$K$1232,"Yes",Games_Raw!$I$2:$I$1232,"Detroit Pistons") -> 44 | D10: =COUNTIFS(Games_Raw!$K$2:$K$1232,"Yes",Games_Raw!$J$2:$J$1232,"Detroit Pistons") -> 38 | E10: =C10+D10 -> 82 | F10: =IF(AND(B10=82,E10=82),"OK","CHECK") -> OK
A11: Golden State Warriors | B11: =COUNTIFS(Games_Raw!$K$2:$K$1232,"Yes",Games_Raw!$E$2:$E$1232,"Golden State Warriors")+COUNTIFS(Games_Raw!$K$2:$K$1232,"Yes",Games_Raw!$F$2:$F$1232,"Golden State Warriors") -> 82 | C11: =COUNTIFS(Games_Raw!$K$2:$K$1232,"Yes",Games_Raw!$I$2:$I$1232,"Golden State Warriors") -> 48 | D11: =COUNTIFS(Games_Raw!$K$2:$K$1232,"Yes",Games_Raw!$J$2:$J$1232,"Golden State Warriors") -> 34 | E11: =C11+D11 -> 82 | F11: =IF(AND(B11=82,E11=82),"OK","CHECK") -> OK
A12: Houston Rockets | B12: =COUNTIFS(Games_Raw!$K$2:$K$1232,"Yes",Games_Raw!$E$2:$E$1232,"Houston Rockets")+COUNTIFS(Games_Raw!$K$2:$K$1232,"Yes",Games_Raw!$F$2:$F$1232,"Houston Rockets") -> 82 | C12: =COUNTIFS(Games_Raw!$K$2:$K$1232,"Yes",Games_Raw!$I$2:$I$1232,"Houston Rockets") -> 52 | D12: =COUNTIFS(Games_Raw!$K$2:$K$1232,"Yes",Games_Raw!$J$2:$J$1232,"Houston Rockets") -> 30 | E12: =C12+D12 -> 82 | F12: =IF(AND(B12=82,E12=82),"OK","CHECK") -> OK
A13: Indiana Pacers | B13: =COUNTIFS(Games_Raw!$K$2:$K$1232,"Yes",Games_Raw!$E$2:$E$1232,"Indiana Pacers")+COUNTIFS(Games_Raw!$K$2:$K$1232,"Yes",Games_Raw!$F$2:$F$1232,"Indiana Pacers") -> 82 | C13: =COUNTIFS(Games_Raw!$K$2:$K$1232,"Yes",Games_Raw!$I$2:$I$1232,"Indiana Pacers") -> 50 | D13: =COUNTIFS(Games_Raw!$K$2:$K$1232,"Yes",Games_Raw!$J$2:$J$1232,"Indiana Pacers") -> 32 | E13: =C13+D13 -> 82 | F13: =IF(AND(B13=82,E13=82),"OK","CHECK") -> OK
A14: LA Clippers | B14: =COUNTIFS(Games_Raw!$K$2:$K$1232,"Yes",Games_Raw!$E$2:$E$1232,"LA Clippers")+COUNTIFS(Games_Raw!$K$2:$K$1232,"Yes",Games_Raw!$F$2:$F$1232,"LA Clippers") -> 82 | C14: =COUNTIFS(Games_Raw!$K$2:$K$1232,"Yes",Games_Raw!$I$2:$I$1232,"LA Clippers") -> 50 | D14: =COUNTIFS(Games_Raw!$K$2:$K$1232,"Yes",Games_Raw!$J$2:$J$1232,"LA Clippers") -> 32 | E14: =C14+D14 -> 82 | F14: =IF(AND(B14=82,E14=82),"OK","CHECK") -> OK
A15: Los Angeles Lakers | B15: =COUNTIFS(Games_Raw!$K$2:$K$1232,"Yes",Games_Raw!$E$2:$E$1232,"Los Angeles Lakers")+COUNTIFS(Games_Raw!$K$2:$K$1232,"Yes",Games_Raw!$F$2:$F$1232,"Los Angeles Lakers") -> 82 | C15: =COUNTIFS(Games_Raw!$K$2:$K$1232,"Yes",Games_Raw!$I$2:$I$1232,"Los Angeles Lakers") -> 50 | D15: =COUNTIFS(Games_Raw!$K$2:$K$1232,"Yes",Games_Raw!$J$2:$J$1232,"Los Angeles Lakers") -> 32 | E15: =C15+D15 -> 82 | F15: =IF(AND(B15=82,E15=82),"OK","CHECK") -> OK
A16: Memphis Grizzlies | B16: =COUNTIFS(Games_Raw!$K$2:$K$1232,"Yes",Games_Raw!$E$2:$E$1232,"Memphis Grizzlies")+COUNTIFS(Games_Raw!$K$2:$K$1232,"Yes",Games_Raw!$F$2:$F$1232,"Memphis Grizzlies") -> 82 | C16: =COUNTIFS(Games_Raw!$K$2:$K$1232,"Yes",Games_Raw!$I$2:$I$1232,"Memphis Grizzlies") -> 48 | D16: =COUNTIFS(Games_Raw!$K$2:$K$1232,"Yes",Games_Raw!$J$2:$J$1232,"Memphis Grizzlies") -> 34 | E16: =C16+D16 -> 82 | F16: =IF(AND(B16=82,E16=82),"OK","CHECK") -> OK
A17: Miami Heat | B17: =COUNTIFS(Games_Raw!$K$2:$K$1232,"Yes",Games_Raw!$E$2:$E$1232,"Miami Heat")+COUNTIFS(Games_Raw!$K$2:$K$1232,"Yes",Games_Raw!$F$2:$F$1232,"Miami Heat") -> 82 | C17: =COUNTIFS(Games_Raw!$K$2:$K$1232,"Yes",Games_Raw!$I$2:$I$1232,"Miami Heat") -> 37 | D17: =COUNTIFS(Games_Raw!$K$2:$K$1232,"Yes",Games_Raw!$J$2:$J$1232,"Miami Heat") -> 45 | E17: =C17+D17 -> 82 | F17: =IF(AND(B17=82,E17=82),"OK","CHECK") -> OK
A18: Milwaukee Bucks | B18: =COUNTIFS(Games_Raw!$K$2:$K$1232,"Yes",Games_Raw!$E$2:$E$1232,"Milwaukee Bucks")+COUNTIFS(Games_Raw!$K$2:$K$1232,"Yes",Games_Raw!$F$2:$F$1232,"Milwaukee Bucks") -> 82 | C18: =COUNTIFS(Games_Raw!$K$2:$K$1232,"Yes",Games_Raw!$I$2:$I$1232,"Milwaukee Bucks") -> 48 | D18: =COUNTIFS(Games_Raw!$K$2:$K$1232,"Yes",Games_Raw!$J$2:$J$1232,"Milwaukee Bucks") -> 34 | E18: =C18+D18 -> 82 | F18: =IF(AND(B18=82,E18=82),"OK","CHECK") -> OK
A19: Minnesota Timberwolves | B19: =COUNTIFS(Games_Raw!$K$2:$K$1232,"Yes",Games_Raw!$E$2:$E$1232,"Minnesota Timberwolves")+COUNTIFS(Games_Raw!$K$2:$K$1232,"Yes",Games_Raw!$F$2:$F$1232,"Minnesota Timberwolves") -> 82 | C19: =COUNTIFS(Games_Raw!$K$2:$K$1232,"Yes",Games_Raw!$I$2:$I$1232,"Minnesota Timberwolves") -> 49 | D19: =COUNTIFS(Games_Raw!$K$2:$K$1232,"Yes",Games_Raw!$J$2:$J$1232,"Minnesota Timberwolves") -> 33 | E19: =C19+D19 -> 82 | F19: =IF(AND(B19=82,E19=82),"OK","CHECK") -> OK
A20: New Orleans Pelicans | B20: =COUNTIFS(Games_Raw!$K$2:$K$1232,"Yes",Games_Raw!$E$2:$E$1232,"New Orleans Pelicans")+COUNTIFS(Games_Raw!$K$2:$K$1232,"Yes",Games_Raw!$F$2:$F$1232,"New Orleans Pelicans") -> 82 | C20: =COUNTIFS(Games_Raw!$K$2:$K$1232,"Yes",Games_Raw!$I$2:$I$1232,"New Orleans Pelicans") -> 21 | D20: =COUNTIFS(Games_Raw!$K$2:$K$1232,"Yes",Games_Raw!$J$2:$J$1232,"New Orleans Pelicans") -> 61 | E20: =C20+D20 -> 82 | F20: =IF(AND(B20=82,E20=82),"OK","CHECK") -> OK
A21: New York Knicks | B21: =COUNTIFS(Games_Raw!$K$2:$K$1232,"Yes",Games_Raw!$E$2:$E$1232,"New York Knicks")+COUNTIFS(Games_Raw!$K$2:$K$1232,"Yes",Games_Raw!$F$2:$F$1232,"New York Knicks") -> 82 | C21: =COUNTIFS(Games_Raw!$K$2:$K$1232,"Yes",Games_Raw!$I$2:$I$1232,"New York Knicks") -> 51 | D21: =COUNTIFS(Games_Raw!$K$2:$K$1232,"Yes",Games_Raw!$J$2:$J$1232,"New York Knicks") -> 31 | E21: =C21+D21 -> 82 | F21: =IF(AND(B21=82,E21=82),"OK","CHECK") -> OK
A22: Oklahoma City Thunder | B22: =COUNTIFS(Games_Raw!$K$2:$K$1232,"Yes",Games_Raw!$E$2:$E$1232,"Oklahoma City Thunder")+COUNTIFS(Games_Raw!$K$2:$K$1232,"Yes",Games_Raw!$F$2:$F$1232,"Oklahoma City Thunder") -> 82 | C22: =COUNTIFS(Games_Raw!$K$2:$K$1232,"Yes",Games_Raw!$I$2:$I$1232,"Oklahoma City Thunder") -> 68 | D22: =COUNTIFS(Games_Raw!$K$2:$K$1232,"Yes",Games_Raw!$J$2:$J$1232,"Oklahoma City Thunder") -> 14 | E22: =C22+D22 -> 82 | F22: =IF(AND(B22=82,E22=82),"OK","CHECK") -> OK
A23: Orlando Magic | B23: =COUNTIFS(Games_Raw!$K$2:$K$1232,"Yes",Games_Raw!$E$2:$E$1232,"Orlando Magic")+COUNTIFS(Games_Raw!$K$2:$K$1232,"Yes",Games_Raw!$F$2:$F$1232,"Orlando Magic") -> 82 | C23: =COUNTIFS(Games_Raw!$K$2:$K$1232,"Yes",Games_Raw!$I$2:$I$1232,"Orlando Magic") -> 41 | D23: =COUNTIFS(Games_Raw!$K$2:$K$1232,"Yes",Games_Raw!$J$2:$J$1232,"Orlando Magic") -> 41 | E23: =C23+D23 -> 82 | F23: =IF(AND(B23=82,E23=82),"OK","CHECK") -> OK
A24: Philadelphia 76ers | B24: =COUNTIFS(Games_Raw!$K$2:$K$1232,"Yes",Games_Raw!$E$2:$E$1232,"Philadelphia 76ers")+COUNTIFS(Games_Raw!$K$2:$K$1232,"Yes",Games_Raw!$F$2:$F$1232,"Philadelphia 76ers") -> 82 | C24: =COUNTIFS(Games_Raw!$K$2:$K$1232,"Yes",Games_Raw!$I$2:$I$1232,"Philadelphia 76ers") -> 24 | D24: =COUNTIFS(Games_Raw!$K$2:$K$1232,"Yes",Games_Raw!$J$2:$J$1232,"Philadelphia 76ers") -> 58 | E24: =C24+D24 -> 82 | F24: =IF(AND(B24=82,E24=82),"OK","CHECK") -> OK
A25: Phoenix Suns | B25: =COUNTIFS(Games_Raw!$K$2:$K$1232,"Yes",Games_Raw!$E$2:$E$1232,"Phoenix Suns")+COUNTIFS(Games_Raw!$K$2:$K$1232,"Yes",Games_Raw!$F$2:$F$1232,"Phoenix Suns") -> 82 | C25: =COUNTIFS(Games_Raw!$K$2:$K$1232,"Yes",Games_Raw!$I$2:$I$1232,"Phoenix Suns") -> 36 | D25: =COUNTIFS(Games_Raw!$K$2:$K$1232,"Yes",Games_Raw!$J$2:$J$1232,"Phoenix Suns") -> 46 | E25: =C25+D25 -> 82 | F25: =IF(AND(B25=82,E25=82),"OK","CHECK") -> OK
A26: Portland Trail Blazers | B26: =COUNTIFS(Games_Raw!$K$2:$K$1232,"Yes",Games_Raw!$E$2:$E$1232,"Portland Trail Blazers")+COUNTIFS(Games_Raw!$K$2:$K$1232,"Yes",Games_Raw!$F$2:$F$1232,"Portland Trail Blazers") -> 82 | C26: =COUNTIFS(Games_Raw!$K$2:$K$1232,"Yes",Games_Raw!$I$2:$I$1232,"Portland Trail Blazers") -> 36 | D26: =COUNTIFS(Games_Raw!$K$2:$K$1232,"Yes",Games_Raw!$J$2:$J$1232,"Portland Trail Blazers") -> 46 | E26: =C26+D26 -> 82 | F26: =IF(AND(B26=82,E26=82),"OK","CHECK") -> OK
A27: Sacramento Kings | B27: =COUNTIFS(Games_Raw!$K$2:$K$1232,"Yes",Games_Raw!$E$2:$E$1232,"Sacramento Kings")+COUNTIFS(Games_Raw!$K$2:$K$1232,"Yes",Games_Raw!$F$2:$F$1232,"Sacramento Kings") -> 82 | C27: =COUNTIFS(Games_Raw!$K$2:$K$1232,"Yes",Games_Raw!$I$2:$I$1232,"Sacramento Kings") -> 40 | D27: =COUNTIFS(Games_Raw!$K$2:$K$1232,"Yes",Games_Raw!$J$2:$J$1232,"Sacramento Kings") -> 42 | E27: =C27+D27 -> 82 | F27: =IF(AND(B27=82,E27=82),"OK","CHECK") -> OK
A28: San Antonio Spurs | B28: =COUNTIFS(Games_Raw!$K$2:$K$1232,"Yes",Games_Raw!$E$2:$E$1232,"San Antonio Spurs")+COUNTIFS(Games_Raw!$K$2:$K$1232,"Yes",Games_Raw!$F$2:$F$1232,"San Antonio Spurs") -> 82 | C28: =COUNTIFS(Games_Raw!$K$2:$K$1232,"Yes",Games_Raw!$I$2:$I$1232,"San Antonio Spurs") -> 34 | D28: =COUNTIFS(Games_Raw!$K$2:$K$1232,"Yes",Games_Raw!$J$2:$J$1232,"San Antonio Spurs") -> 48 | E28: =C28+D28 -> 82 | F28: =IF(AND(B28=82,E28=82),"OK","CHECK") -> OK
A29: Toronto Raptors | B29: =COUNTIFS(Games_Raw!$K$2:$K$1232,"Yes",Games_Raw!$E$2:$E$1232,"Toronto Raptors")+COUNTIFS(Games_Raw!$K$2:$K$1232,"Yes",Games_Raw!$F$2:$F$1232,"Toronto Raptors") -> 82 | C29: =COUNTIFS(Games_Raw!$K$2:$K$1232,"Yes",Games_Raw!$I$2:$I$1232,"Toronto Raptors") -> 30 | D29: =COUNTIFS(Games_Raw!$K$2:$K$1232,"Yes",Games_Raw!$J$2:$J$1232,"Toronto Raptors") -> 52 | E29: =C29+D29 -> 82 | F29: =IF(AND(B29=82,E29=82),"OK","CHECK") -> OK
A30: Utah Jazz | B30: =COUNTIFS(Games_Raw!$K$2:$K$1232,"Yes",Games_Raw!$E$2:$E$1232,"Utah Jazz")+COUNTIFS(Games_Raw!$K$2:$K$1232,"Yes",Games_Raw!$F$2:$F$1232,"Utah Jazz") -> 82 | C30: =COUNTIFS(Games_Raw!$K$2:$K$1232,"Yes",Games_Raw!$I$2:$I$1232,"Utah Jazz") -> 17 | D30: =COUNTIFS(Games_Raw!$K$2:$K$1232,"Yes",Games_Raw!$J$2:$J$1232,"Utah Jazz") -> 65 | E30: =C30+D30 -> 82 | F30: =IF(AND(B30=82,E30=82),"OK","CHECK") -> OK
A31: Washington Wizards | B31: =COUNTIFS(Games_Raw!$K$2:$K$1232,"Yes",Games_Raw!$E$2:$E$1232,"Washington Wizards")+COUNTIFS(Games_Raw!$K$2:$K$1232,"Yes",Games_Raw!$F$2:$F$1232,"Washington Wizards") -> 82 | C31: =COUNTIFS(Games_Raw!$K$2:$K$1232,"Yes",Games_Raw!$I$2:$I$1232,"Washington Wizards") -> 18 | D31: =COUNTIFS(Games_Raw!$K$2:$K$1232,"Yes",Games_Raw!$J$2:$J$1232,"Washington Wizards") -> 64 | E31: =C31+D31 -> 82 | F31: =IF(AND(B31=82,E31=82),"OK","CHECK") -> OK

Sheet Detail
A1: Team | B1: Opponent | C1: Wins | D1: Losses | E1: Series | F1: Total Team Wins | G1: Total Team Losses
A2: Atlanta Hawks | B2: Boston Celtics | C2: =COUNTIFS(Games_Raw!$K$2:$K$1232,"Yes",Games_Raw!$I$2:$I$1232,A2,Games_Raw!$J$2:$J$1232,B2) -> 2 | D2: =COUNTIFS(Games_Raw!$K$2:$K$1232,"Yes",Games_Raw!$I$2:$I$1232,B2,Games_Raw!$J$2:$J$1232,A2) -> 1 | E2: =C2&"-"&D2 -> 2-1 | F2: =COUNTIFS(Games_Raw!$K$2:$K$1232,"Yes",Games_Raw!$I$2:$I$1232,A2) -> 40 | G2: =COUNTIFS(Games_Raw!$K$2:$K$1232,"Yes",Games_Raw!$J$2:$J$1232,A2) -> 42
A3: Atlanta Hawks | B3: Brooklyn Nets | C3: =COUNTIFS(Games_Raw!$K$2:$K$1232,"Yes",Games_Raw!$I$2:$I$1232,A3,Games_Raw!$J$2:$J$1232,B3) -> 2 | D3: =COUNTIFS(Games_Raw!$K$2:$K$1232,"Yes",Games_Raw!$I$2:$I$1232,B3,Games_Raw!$J$2:$J$1232,A3) -> 1 | E3: =C3&"-"&D3 -> 2-1 | F3: =COUNTIFS(Games_Raw!$K$2:$K$1232,"Yes",Games_Raw!$I$2:$I$1232,A3) -> 40 | G3: =COUNTIFS(Games_Raw!$K$2:$K$1232,"Yes",Games_Raw!$J$2:$J$1232,A3) -> 42
A4: Atlanta Hawks | B4: Charlotte Hornets | C4: =COUNTIFS(Games_Raw!$K$2:$K$1232,"Yes",Games_Raw!$I$2:$I$1232,A4,Games_Raw!$J$2:$J$1232,B4) -> 4 | D4: =COUNTIFS(Games_Raw!$K$2:$K$1232,"Yes",Games_Raw!$I$2:$I$1232,B4,Games_Raw!$J$2:$J$1232,A4) -> 0 | E4: =C4&"-"&D4 -> 4-0 | F4: =COUNTIFS(Games_Raw!$K$2:$K$1232,"Yes",Games_Raw!$I$2:$I$1232,A4) -> 40 | G4: =COUNTIFS(Games_Raw!$K$2:$K$1232,"Yes",Games_Raw!$J$2:$J$1232,A4) -> 42
A5: Atlanta Hawks | B5: Chicago Bulls | C5: =COUNTIFS(Games_Raw!$K$2:$K$1232,"Yes",Games_Raw!$I$2:$I$1232,A5,Games_Raw!$J$2:$J$1232,B5) -> 2 | D5: =COUNTIFS(Games_Raw!$K$2:$K$1232,"Yes",Games_Raw!$I$2:$I$1232,B5,Games_Raw!$J$2:$J$1232,A5) -> 2 | E5: =C5&"-"&D5 -> 2-2 | F5: =COUNTIFS(Games_Raw!$K$2:$K$1232,"Yes",Games_Raw!$I$2:$I$1232,A5) -> 40 | G5: =COUNTIFS(Games_Raw!$K$2:$K$1232,"Yes",Games_Raw!$J$2:$J$1232,A5) -> 42
A6: Atlanta Hawks | B6: Cleveland Cavaliers | C6: =COUNTIFS(Games_Raw!$K$2:$K$1232,"Yes",Games_Raw!$I$2:$I$1232,A6,Games_Raw!$J$2:$J$1232,B6) -> 2 | D6: =COUNTIFS(Games_Raw!$K$2:$K$1232,"Yes",Games_Raw!$I$2:$I$1232,B6,Games_Raw!$J$2:$J$1232,A6) -> 1 | E6: =C6&"-"&D6 -> 2-1 | F6: =COUNTIFS(Games_Raw!$K$2:$K$1232,"Yes",Games_Raw!$I$2:$I$1232,A6) -> 40 | G6: =COUNTIFS(Games_Raw!$K$2:$K$1232,"Yes",Games_Raw!$J$2:$J$1232,A6) -> 42
A7: Atlanta Hawks | B7: Dallas Mavericks | C7: =COUNTIFS(Games_Raw!$K$2:$K$1232,"Yes",Games_Raw!$I$2:$I$1232,A7,Games_Raw!$J$2:$J$1232,B7) -> 0 | D7: =COUNTIFS(Games_Raw!$K$2:$K$1232,"Yes",Games_Raw!$I$2:$I$1232,B7,Games_Raw!$J$2:$J$1232,A7) -> 2 | E7: =C7&"-"&D7 -> 0-2 | F7: =COUNTIFS(Games_Raw!$K$2:$K$1232,"Yes",Games_Raw!$I$2:$I$1232,A7) -> 40 | G7: =COUNTIFS(Games_Raw!$K$2:$K$1232,"Yes",Games_Raw!$J$2:$J$1232,A7) -> 42
A8: Atlanta Hawks | B8: Denver Nuggets | C8: =COUNTIFS(Games_Raw!$K$2:$K$1232,"Yes",Games_Raw!$I$2:$I$1232,A8,Games_Raw!$J$2:$J$1232,B8) -> 0 | D8: =COUNTIFS(Games_Raw!$K$2:$K$1232,"Yes",Games_Raw!$I$2:$I$1232,B8,Games_Raw!$J$2:$J$1232,A8) -> 2 | E8: =C8&"-"&D8 -> 0-2 | F8: =COUNTIFS(Games_Raw!$K$2:$K$1232,"Yes",Games_Raw!$I$2:$I$1232,A8) -> 40 | G8: =COUNTIFS(Games_Raw!$K$2:$K$1232,"Yes",Games_Raw!$J$2:$J$1232,A8) -> 42
A9: Atlanta Hawks | B9: Detroit Pistons | C9: =COUNTIFS(Games_Raw!$K$2:$K$1232,"Yes",Games_Raw!$I$2:$I$1232,A9,Games_Raw!$J$2:$J$1232,B9) -> 1 | D9: =COUNTIFS(Games_Raw!$K$2:$K$1232,"Yes",Games_Raw!$I$2:$I$1232,B9,Games_Raw!$J$2:$J$1232,A9) -> 3 | E9: =C9&"-"&D9 -> 1-3 | F9: =COUNTIFS(Games_Raw!$K$2:$K$1232,"Yes",Games_Raw!$I$2:$I$1232,A9) -> 40 | G9: =COUNTIFS(Games_Raw!$K$2:$K$1232,"Yes",Games_Raw!$J$2:$J$1232,A9) -> 42
A10: Atlanta Hawks | B10: Golden State Warriors | C10: =COUNTIFS(Games_Raw!$K$2:$K$1232,"Yes",Games_Raw!$I$2:$I$1232,A10,Games_Raw!$J$2:$J$1232,B10) -> 1 | D10: =COUNTIFS(Games_Raw!$K$2:$K$1232,"Yes",Games_Raw!$I$2:$I$1232,B10,Games_Raw!$J$2:$J$1232,A10) -> 1 | E10: =C10&"-"&D10 -> 1-1 | F10: =COUNTIFS(Games_Raw!$K$2:$K$1232,"Yes",Games_Raw!$I$2:$I$1232,A10) -> 40 | G10: =COUNTIFS(Games_Raw!$K$2:$K$1232,"Yes",Games_Raw!$J$2:$J$1232,A10) -> 42
A11: Atlanta Hawks | B11: Houston Rockets | C11: =COUNTIFS(Games_Raw!$K$2:$K$1232,"Yes",Games_Raw!$I$2:$I$1232,A11,Games_Raw!$J$2:$J$1232,B11) -> 0 | D11: =COUNTIFS(Games_Raw!$K$2:$K$1232,"Yes",Games_Raw!$I$2:$I$1232,B11,Games_Raw!$J$2:$J$1232,A11) -> 2 | E11: =C11&"-"&D11 -> 0-2 | F11: =COUNTIFS(Games_Raw!$K$2:$K$1232,"Yes",Games_Raw!$I$2:$I$1232,A11) -> 40 | G11: =COUNTIFS(Games_Raw!$K$2:$K$1232,"Yes",Games_Raw!$J$2:$J$1232,A11) -> 42
A12: Atlanta Hawks | B12: Indiana Pacers | C12: =COUNTIFS(Games_Raw!$K$2:$K$1232,"Yes",Games_Raw!$I$2:$I$1232,A12,Games_Raw!$J$2:$J$1232,B12) -> 2 | D12: =COUNTIFS(Games_Raw!$K$2:$K$1232,"Yes",Games_Raw!$I$2:$I$1232,B12,Games_Raw!$J$2:$J$1232,A12) -> 1 | E12: =C12&"-"&D12 -> 2-1 | F12: =COUNTIFS(Games_Raw!$K$2:$K$1232,"Yes",Games_Raw!$I$2:$I$1232,A12) -> 40 | G12: =COUNTIFS(Games_Raw!$K$2:$K$1232,"Yes",Games_Raw!$J$2:$J$1232,A12) -> 42
A13: Atlanta Hawks | B13: LA Clippers | C13: =COUNTIFS(Games_Raw!$K$2:$K$1232,"Yes",Games_Raw!$I$2:$I$1232,A13,Games_Raw!$J$2:$J$1232,B13) -> 0 | D13: =COUNTIFS(Games_Raw!$K$2:$K$1232,"Yes",Games_Raw!$I$2:$I$1232,B13,Games_Raw!$J$2:$J$1232,A13) -> 2 | E13: =C13&"-"&D13 -> 0-2 | F13: =COUNTIFS(Games_Raw!$K$2:$K$1232,"Yes",Games_Raw!$I$2:$I$1232,A13) -> 40 | G13: =COUNTIFS(Games_Raw!$K$2:$K$1232,"Yes",Games_Raw!$J$2:$J$1232,A13) -> 42
... A871: Washington Wizards | B871: Utah Jazz | C871: =COUNTIFS(Games_Raw!$K$2:$K$1232,"Yes",Games_Raw!$I$2:$I$1232,A871,Games_Raw!$J$2:$J$1232,B871) -> 1 | D871: =COUNTIFS(Games_Raw!$K$2:$K$1232,"Yes",Games_Raw!$I$2:$I$1232,B871,Games_Raw!$J$2:$J$1232,A871) -> 1 | E871: =C871&"-"&D871 -> 1-1 | F871: =COUNTIFS(Games_Raw!$K$2:$K$1232,"Yes",Games_Raw!$I$2:$I$1232,A871) -> 18 | G871: =COUNTIFS(Games_Raw!$K$2:$K$1232,"Yes",Games_Raw!$J$2:$J$1232,A871) -> 64

Sheet Wins_Matrix
A1: Wins vs Opponent
A2: Team \ Opponent | B2: Atlanta Hawks | C2: Boston Celtics | D2: Brooklyn Nets | E2: Charlotte Hornets | F2: Chicago Bulls | G2: Cleveland Cavaliers | H2: Dallas Mavericks | I2: Denver Nuggets | J2: Detroit Pistons | K2: Golden State Warriors | L2: Houston Rockets | M2: Indiana Pacers | N2: LA Clippers | O2: Los Angeles Lakers | P2: Memphis Grizzlies | Q2: Miami Heat | R2: Milwaukee Bucks | S2: Minnesota Timberwolves | T2: New Orleans Pelicans | U2: New York Knicks | V2: Oklahoma City Thunder | W2: Orlando Magic | X2: Philadelphia 76ers | Y2: Phoenix Suns | Z2: Portland Trail Blazers | AA2: Sacramento Kings | AB2: San Antonio Spurs | AC2: Toronto Raptors | AD2: Utah Jazz | AE2: Washington Wizards | AF2: Total
A3: Atlanta Hawks | B3: - | C3: =Detail!C2 -> 2 | D3: =Detail!C3 -> 2 | E3: =Detail!C4 -> 4 | F3: =Detail!C5 -> 2 | G3: =Detail!C6 -> 2 | H3: =Detail!C7 -> 0 | I3: =Detail!C8 -> 0 | J3: =Detail!C9 -> 1 | K3: =Detail!C10 -> 1 | L3: =Detail!C11 -> 0 | M3: =Detail!C12 -> 2 | N3: =Detail!C13 -> 0 | O3: =Detail!C14 -> 1 | P3: =Detail!C15 -> 1 | Q3: =Detail!C16 -> 2 | R3: =Detail!C17 -> 3 | S3: =Detail!C18 -> 1 | T3: =Detail!C19 -> 2 | U3: =Detail!C20 -> 2 | V3: =Detail!C21 -> 0 | W3: =Detail!C22 -> 2 | X3: =Detail!C23 -> 3 | Y3: =Detail!C24 -> 1 | Z3: =Detail!C25 -> 0 | AA3: =Detail!C26 -> 1 | AB3: =Detail!C27 -> 0 | AC3: =Detail!C28 -> 1 | AD3: =Detail!C29 -> 2 | AE3: =Detail!C30 -> 2 | AF3: =SUM(B3:AE3) -> 40
A4: Boston Celtics | B4: =Detail!C31 -> 1 | C4: - | D4: =Detail!C32 -> 4 | E4: =Detail!C33 -> 4 | F4: =Detail!C34 -> 3 | G4: =Detail!C35 -> 2 | H4: =Detail!C36 -> 1 | I4: =Detail!C37 -> 2 | J4: =Detail!C38 -> 3 | K4: =Detail!C39 -> 1 | L4: =Detail!C40 -> 1 | M4: =Detail!C41 -> 1 | N4: =Detail!C42 -> 2 | O4: =Detail!C43 -> 1 | P4: =Detail!C44 -> 1 | Q4: =Detail!C45 -> 3 | R4: =Detail!C46 -> 3 | S4: =Detail!C47 -> 2 | T4: =Detail!C48 -> 2 | U4: =Detail!C49 -> 4 | V4: =Detail!C50 -> 0 | W4: =Detail!C51 -> 1 | X4: =Detail!C52 -> 3 | Y4: =Detail!C53 -> 2 | Z4: =Detail!C54 -> 2 | AA4: =Detail!C55 -> 1 | AB4: =Detail!C56 -> 2 | AC4: =Detail!C57 -> 3 | AD4: =Detail!C58 -> 2 | AE4: =Detail!C59 -> 4 | AF4: =SUM(B4:AE4) -> 61
A5: Brooklyn Nets | B5: =Detail!C60 -> 1 | C5: =Detail!C61 -> 0 | D5: - | E5: =Detail!C62 -> 3 | F5: =Detail!C63 -> 1 | G5: =Detail!C64 -> 0 | H5: =Detail!C65 -> 1 | I5: =Detail!C66 -> 0 | J5: =Detail!C67 -> 0 | K5: =Detail!C68 -> 1 | L5: =Detail!C69 -> 2 | M5: =Detail!C70 -> 1 | N5: =Detail!C71 -> 0 | O5: =Detail!C72 -> 1 | P5: =Detail!C73 -> 2 | Q5: =Detail!C74 -> 1 | R5: =Detail!C75 -> 3 | S5: =Detail!C76 -> 0 | T5: =Detail!C77 -> 2 | U5: =Detail!C78 -> 0 | V5: =Detail!C79 -> 0 | W5: =Detail!C80 -> 0 | X5: =Detail!C81 -> 2 | Y5: =Detail!C82 -> 1 | Z5: =Detail!C83 -> 1 | AA5: =Detail!C84 -> 1 | AB5: =Detail!C85 -> 0 | AC5: =Detail!C86 -> 1 | AD5: =Detail!C87 -> 0 | AE5: =Detail!C88 -> 1 | AF5: =SUM(B5:AE5) -> 26
A6: Charlotte Hornets | B6: =Detail!C89 -> 0 | C6: =Detail!C90 -> 0 | D6: =Detail!C91 -> 1 | E6: - | F6: =Detail!C92 -> 1 | G6: =Detail!C93 -> 0 | H6: =Detail!C94 -> 1 | I6: =Detail!C95 -> 0 | J6: =Detail!C96 -> 2 | K6: =Detail!C97 -> 0 | L6: =Detail!C98 -> 1 | M6: =Detail!C99 -> 2 | N6: =Detail!C100 -> 0 | O6: =Detail!C101 -> 1 | P6: =Detail!C102 -> 0 | Q6: =Detail!C103 -> 1 | R6: =Detail!C104 -> 1 | S6: =Detail!C105 -> 0 | T6: =Detail!C106 -> 1 | U6: =Detail!C107 -> 1 | V6: =Detail!C108 -> 0 | W6: =Detail!C109 -> 0 | X6: =Detail!C110 -> 0 | Y6: =Detail!C111 -> 1 | Z6: =Detail!C112 -> 0 | AA6: =Detail!C113 -> 0 | AB6: =Detail!C114 -> 2 | AC6: =Detail!C115 -> 1 | AD6: =Detail!C116 -> 2 | AE6: =Detail!C117 -> 0 | AF6: =SUM(B6:AE6) -> 19
A7: Chicago Bulls | B7: =Detail!C118 -> 2 | C7: =Detail!C119 -> 1 | D7: =Detail!C120 -> 2 | E7: =Detail!C121 -> 3 | F7: - | G7: =Detail!C122 -> 0 | H7: =Detail!C123 -> 0 | I7: =Detail!C124 -> 2 | J7: =Detail!C125 -> 1 | K7: =Detail!C126 -> 0 | L7: =Detail!C127 -> 0 | M7: =Detail!C128 -> 1 | N7: =Detail!C129 -> 1 | O7: =Detail!C130 -> 2 | P7: =Detail!C131 -> 1 | Q7: =Detail!C132 -> 3 | R7: =Detail!C133 -> 2 | S7: =Detail!C134 -> 0 | T7: =Detail!C135 -> 0 | U7: =Detail!C136 -> 2 | V7: =Detail!C137 -> 0 | W7: =Detail!C138 -> 2 | X7: =Detail!C139 -> 2 | Y7: =Detail!C140 -> 0 | Z7: =Detail!C141 -> 1 | AA7: =Detail!C142 -> 1 | AB7: =Detail!C143 -> 2 | AC7: =Detail!C144 -> 4 | AD7: =Detail!C145 -> 1 | AE7: =Detail!C146 -> 3 | AF7: =SUM(B7:AE7) -> 39
A8: Cleveland Cavaliers | B8: =Detail!C147 -> 1 | C8: =Detail!C148 -> 2 | D8: =Detail!C149 -> 4 | E8: =Detail!C150 -> 4 | F8: =Detail!C151 -> 4 | G8: - | H8: =Detail!C152 -> 2 | I8: =Detail!C153 -> 2 | J8: =Detail!C154 -> 3 | K8: =Detail!C155 -> 2 | L8: =Detail!C156 -> 0 | M8: =Detail!C157 -> 1 | N8: =Detail!C158 -> 1 | O8: =Detail!C159 -> 2 | P8: =Detail!C160 -> 2 | Q8: =Detail!C161 -> 2 | R8: =Detail!C162 -> 4 | S8: =Detail!C163 -> 2 | T8: =Detail!C164 -> 2 | U8: =Detail!C165 -> 4 | V8: =Detail!C166 -> 1 | W8: =Detail!C167 -> 2 | X8: =Detail!C168 -> 2 | Y8: =Detail!C169 -> 1 | Z8: =Detail!C170 -> 2 | AA8: =Detail!C171 -> 0 | AB8: =Detail!C172 -> 2 | AC8: =Detail!C173 -> 4 | AD8: =Detail!C174 -> 2 | AE8: =Detail!C175 -> 4 | AF8: =SUM(B8:AE8) -> 64
A9: Dallas Mavericks | B9: =Detail!C176 -> 2 | C9: =Detail!C177 -> 1 | D9: =Detail!C178 -> 1 | E9: =Detail!C179 -> 1 | F9: =Detail!C180 -> 2 | G9: =Detail!C181 -> 0 | H9: - | I9: =Detail!C182 -> 1 | J9: =Detail!C183 -> 1 | K9: =Detail!C184 -> 2 | L9: =Detail!C185 -> 1 | M9: =Detail!C186 -> 0 | N9: =Detail!C187 -> 1 | O9: =Detail!C188 -> 1 | P9: =Detail!C189 -> 1 | Q9: =Detail!C190 -> 1 | R9: =Detail!C191 -> 0 | S9: =Detail!C192 -> 1 | T9: =Detail!C193 -> 3 | U9: =Detail!C194 -> 1 | V9: =Detail!C195 -> 3 | W9: =Detail!C196 -> 2 | X9: =Detail!C197 -> 0 | Y9: =Detail!C198 -> 1 | Z9: =Detail!C199 -> 3 | AA9: =Detail!C200 -> 0 | AB9: =Detail!C201 -> 3 | AC9: =Detail!C202 -> 2 | AD9: =Detail!C203 -> 2 | AE9: =Detail!C204 -> 2 | AF9: =SUM(B9:AE9) -> 39
A10: Denver Nuggets | B10: =Detail!C205 -> 2 | C10: =Detail!C206 -> 0 | D10: =Detail!C207 -> 2 | E10: =Detail!C208 -> 2 | F10: =Detail!C209 -> 0 | G10: =Detail!C210 -> 0 | H10: =Detail!C211 -> 3 | I10: - | J10: =Detail!C212 -> 2 | K10: =Detail!C213 -> 2 | L10: =Detail!C214 -> 2 | M10: =Detail!C215 -> 1 | N10: =Detail!C216 -> 2 | O10: =Detail!C217 -> 2 | P10: =Detail!C218 -> 2 | Q10: =Detail!C219 -> 2 | R10: =Detail!C220 -> 1 | S10: =Detail!C221 -> 0 | T10: =Detail!C222 -> 3 | U10: =Detail!C223 -> 0 | V10: =Detail!C224 -> 2 | W10: =Detail!C225 -> 2 | X10: =Detail!C226 -> 2 | Y10: =Detail!C227 -> 3 | Z10: =Detail!C228 -> 2 | AA10: =Detail!C229 -> 4 | AB10: =Detail!C230 -> 1 | AC10: =Detail!C231 -> 2 | AD10: =Detail!C232 -> 4 | AE10: =Detail!C233 -> 0 | AF10: =SUM(B10:AE10) -> 50
A11: Detroit Pistons | B11: =Detail!C234 -> 3 | C11: =Detail!C235 -> 1 | D11: =Detail!C236 -> 3 | E11: =Detail!C237 -> 2 | F11: =Detail!C238 -> 3 | G11: =Detail!C239 -> 1 | H11: =Detail!C240 -> 1 | I11: =Detail!C241 -> 0 | J11: - | K11: =Detail!C242 -> 0 | L11: =Detail!C243 -> 1 | M11: =Detail!C244 -> 1 | N11: =Detail!C245 -> 1 | O11: =Detail!C246 -> 2 | P11: =Detail!C247 -> 0 | Q11: =Detail!C248 -> 3 | R11: =Detail!C249 -> 0 | S11: =Detail!C250 -> 1 | T11: =Detail!C251 -> 2 | U11: =Detail!C252 -> 3 | V11: =Detail!C253 -> 0 | W11: =Detail!C254 -> 1 | X11: =Detail!C255 -> 2 | Y11: =Detail!C256 -> 1 | Z11: =Detail!C257 -> 2 | AA11: =Detail!C258 -> 1 | AB11: =Detail!C259 -> 2 | AC11: =Detail!C260 -> 4 | AD11: =Detail!C261 -> 1 | AE11: =Detail!C262 -> 2 | AF11: =SUM(B11:AE11) -> 44
A12: Golden State Warriors | B12: =Detail!C263 -> 1 | C12: =Detail!C264 -> 1 | D12: =Detail!C265 -> 1 | E12: =Detail!C266 -> 2 | F12: =Detail!C267 -> 2 | G12: =Detail!C268 -> 0 | H12: =Detail!C269 -> 2 | I12: =Detail!C270 -> 1 | J12: =Detail!C271 -> 2 | K12: - | L12: =Detail!C272 -> 3 | M12: =Detail!C273 -> 0 | N12: =Detail!C274 -> 0 | O12: =Detail!C275 -> 1 | P12: =Detail!C276 -> 3 | Q12: =Detail!C277 -> 0 | R12: =Detail!C278 -> 2 | S12: =Detail!C279 -> 3 | T12: =Detail!C280 -> 4 | U12: =Detail!C281 -> 2 | V12: =Detail!C282 -> 2 | W12: =Detail!C283 -> 2 | X12: =Detail!C284 -> 1 | Y12: =Detail!C285 -> 2 | Z12: =Detail!C286 -> 3 | AA12: =Detail!C287 -> 2 | AB12: =Detail!C288 -> 1 | AC12: =Detail!C289 -> 1 | AD12: =Detail!C290 -> 2 | AE12: =Detail!C291 -> 2 | AF12: =SUM(B12:AE12) -> 48
A13: Houston Rockets | B13: =Detail!C292 -> 2 | C13: =Detail!C293 -> 1 | D13: =Detail!C294 -> 0 | E13: =Detail!C295 -> 1 | F13: =Detail!C296 -> 2 | G13: =Detail!C297 -> 2 | H13: =Detail!C298 -> 3 | I13: =Detail!C299 -> 1 | J13: =Detail!C300 -> 1 | K13: =Detail!C301 -> 2 | L13: - | M13: =Detail!C302 -> 1 | N13: =Detail!C303 -> 3 | O13: =Detail!C304 -> 1 | P13: =Detail!C305 -> 3 | Q13: =Detail!C306 -> 1 | R13: =Detail!C307 -> 1 | S13: =Detail!C308 -> 2 | T13: =Detail!C309 -> 4 | U13: =Detail!C310 -> 1 | V13: =Detail!C311 -> 2 | W13: =Detail!C312 -> 2 | X13: =Detail!C313 -> 2 | Y13: =Detail!C314 -> 3 | Z13: =Detail!C315 -> 2 | AA13: =Detail!C316 -> 0 | AB13: =Detail!C317 -> 3 | AC13: =Detail!C318 -> 2 | AD13: =Detail!C319 -> 2 | AE13: =Detail!C320 -> 2 | AF13: =SUM(B13:AE13) -> 52
A14: Indiana Pacers | B14: =Detail!C321 -> 1 | C14: =Detail!C322 -> 2 | D14: =Detail!C323 -> 3 | E14: =Detail!C324 -> 1 | F14: =Detail!C325 -> 3 | G14: =Detail!C326 -> 3 | H14: =Detail!C327 -> 2 | I14: =Detail!C328 -> 1 | J14: =Detail!C329 -> 3 | K14: =Detail!C330 -> 2 | L14: =Detail!C331 -> 1 | M14: - | N14: =Detail!C332 -> 2 | O14: =Detail!C333 -> 0 | P14: =Detail!C334 -> 1 | Q14: =Detail!C335 -> 2 | R14: =Detail!C336 -> 1 | S14: =Detail!C337 -> 2 | T14: =Detail!C338 -> 2 | U14: =Detail!C339 -> 1 | V14: =Detail!C340 -> 0 | W14: =Detail!C341 -> 1 | X14: =Detail!C342 -> 3 | Y14: =Detail!C343 -> 2 | Z14: =Detail!C344 -> 1 | AA14: =Detail!C345 -> 2 | AB14: =Detail!C346 -> 1 | AC14: =Detail!C347 -> 1 | AD14: =Detail!C348 -> 2 | AE14: =Detail!C349 -> 4 | AF14: =SUM(B14:AE14) -> 50
A15: LA Clippers | B15: =Detail!C350 -> 2 | C15: =Detail!C351 -> 0 | D15: =Detail!C352 -> 2 | E15: =Detail!C353 -> 2 | F15: =Detail!C354 -> 1 | G15: =Detail!C355 -> 1 | H15: =Detail!C356 -> 3 | I15: =Detail!C357 -> 2 | J15: =Detail!C358 -> 1 | K15: =Detail!C359 -> 4 | L15: =Detail!C360 -> 1 | M15: =Detail!C361 -> 0 | N15: - | O15: =Detail!C362 -> 1 | P15: =Detail!C363 -> 3 | Q15: =Detail!C364 -> 2 | R15: =Detail!C365 -> 1 | S15: =Detail!C366 -> 0 | T15: =Detail!C367 -> 2 | U15: =Detail!C368 -> 2 | V15: =Detail!C369 -> 0 | W15: =Detail!C370 -> 2 | X15: =Detail!C371 -> 2 | Y15: =Detail!C372 -> 0 | Z15: =Detail!C373 -> 2 | AA15: =Detail!C374 -> 4 | AB15: =Detail!C375 -> 3 | AC15: =Detail!C376 -> 1 | AD15: =Detail!C377 -> 4 | AE15: =Detail!C378 -> 2 | AF15: =SUM(B15:AE15) -> 50
A16: Los Angeles Lakers | B16: =Detail!C379 -> 1 | C16: =Detail!C380 -> 1 | D16: =Detail!C381 -> 1 | E16: =Detail!C382 -> 1 | F16: =Detail!C383 -> 0 | G16: =Detail!C384 -> 0 | H16: =Detail!C385 -> 2 | I16: =Detail!C386 -> 2 | J16: =Detail!C387 -> 0 | K16: =Detail!C388 -> 3 | L16: =Detail!C389 -> 2 | M16: =Detail!C390 -> 2 | N16: =Detail!C391 -> 3 | O16: - | P16: =Detail!C392 -> 3 | Q16: =Detail!C393 -> 1 | R16: =Detail!C394 -> 0 | S16: =Detail!C395 -> 2 | T16: =Detail!C396 -> 3 | U16: =Detail!C397 -> 2 | V16: =Detail!C398 -> 1 | W16: =Detail!C399 -> 0 | X16: =Detail!C400 -> 1 | Y16: =Detail!C401 -> 2 | Z16: =Detail!C402 -> 3 | AA16: =Detail!C403 -> 4 | AB16: =Detail!C404 -> 3 | AC16: =Detail!C405 -> 2 | AD16: =Detail!C406 -> 3 | AE16: =Detail!C407 -> 2 | AF16: =SUM(B16:AE16) -> 50
A17: Memphis Grizzlies | B17: =Detail!C408 -> 1 | C17: =Detail!C409 -> 1 | D17: =Detail!C410 -> 1 | E17: =Detail!C411 -> 2 | F17: =Detail!C412 -> 1 | G17: =Detail!C413 -> 0 | H17: =Detail!C414 -> 3 | I17: =Detail!C415 -> 1 | J17: =Detail!C416 -> 2 | K17: =Detail!C417 -> 1 | L17: =Detail!C418 -> 1 | M17: =Detail!C419 -> 1 | N17: =Detail!C420 -> 0 | O17: =Detail!C421 -> 1 | P17: - | Q17: =Detail!C422 -> 2 | R17: =Detail!C423 -> 2 | S17: =Detail!C424 -> 2 | T17: =Detail!C425 -> 4 | U17: =Detail!C426 -> 0 | V17: =Detail!C427 -> 0 | W17: =Detail!C428 -> 2 | X17: =Detail!C429 -> 2 | Y17: =Detail!C430 -> 4 | Z17: =Detail!C431 -> 2 | AA17: =Detail!C432 -> 1 | AB17: =Detail!C433 -> 3 | AC17: =Detail!C434 -> 2 | AD17: =Detail!C435 -> 4 | AE17: =Detail!C436 -> 2 | AF17: =SUM(B17:AE17) -> 48
A18: Miami Heat | B18: =Detail!C437 -> 2 | C18: =Detail!C438 -> 1 | D18: =Detail!C439 -> 2 | E18: =Detail!C440 -> 3 | F18: =Detail!C441 -> 0 | G18: =Detail!C442 -> 1 | H18: =Detail!C443 -> 1 | I18: =Detail!C444 -> 0 | J18: =Detail!C445 -> 1 | K18: =Detail!C446 -> 2 | L18: =Detail!C447 -> 1 | M18: =Detail!C448 -> 2 | N18: =Detail!C449 -> 0 | O18: =Detail!C450 -> 1 | P18: =Detail!C451 -> 0 | Q18: - | R18: =Detail!C452 -> 0 | S18: =Detail!C453 -> 1 | T18: =Detail!C454 -> 2 | U18: =Detail!C455 -> 0 | V18: =Detail!C456 -> 0 | W18: =Detail!C457 -> 2 | X18: =Detail!C458 -> 4 | Y18: =Detail!C459 -> 1 | Z18: =Detail!C460 -> 1 | AA18: =Detail!C461 -> 0 | AB18: =Detail!C462 -> 2 | AC18: =Detail!C463 -> 3 | AD18: =Detail!C464 -> 1 | AE18: =Detail!C465 -> 3 | AF18: =SUM(B18:AE18) -> 37
A19: Milwaukee Bucks | B19: =Detail!C466 -> 2 | C19: =Detail!C467 -> 0 | D19: =Detail!C468 -> 1 | E19: =Detail!C469 -> 2 | F19: =Detail!C470 -> 2 | G19: =Detail!C471 -> 0 | H19: =Detail!C472 -> 2 | I19: =Detail!C473 -> 1 | J19: =Detail!C474 -> 4 | K19: =Detail!C475 -> 0 | L19: =Detail!C476 -> 1 | M19: =Detail!C477 -> 3 | N19: =Detail!C478 -> 1 | O19: =Detail!C479 -> 2 | P19: =Detail!C480 -> 0 | Q19: =Detail!C481 -> 4 | R19: - | S19: =Detail!C482 -> 2 | T19: =Detail!C483 -> 2 | U19: =Detail!C484 -> 0 | V19: =Detail!C485 -> 0 | W19: =Detail!C486 -> 3 | X19: =Detail!C487 -> 4 | Y19: =Detail!C488 -> 1 | Z19: =Detail!C489 -> 0 | AA19: =Detail!C490 -> 2 | AB19: =Detail!C491 -> 1 | AC19: =Detail!C492 -> 3 | AD19: =Detail!C493 -> 2 | AE19: =Detail!C494 -> 3 | AF19: =SUM(B19:AE19) -> 48
A20: Minnesota Timberwolves | B20: =Detail!C495 -> 1 | C20: =Detail!C496 -> 0 | D20: =Detail!C497 -> 2 | E20: =Detail!C498 -> 2 | F20: =Detail!C499 -> 2 | G20: =Detail!C500 -> 0 | H20: =Detail!C501 -> 2 | I20: =Detail!C502 -> 4 | J20: =Detail!C503 -> 1 | K20: =Detail!C504 -> 1 | L20: =Detail!C505 -> 2 | M20: =Detail!C506 -> 0 | N20: =Detail!C507 -> 3 | O20: =Detail!C508 -> 2 | P20: =Detail!C509 -> 1 | Q20: =Detail!C510 -> 1 | R20: =Detail!C511 -> 0 | S20: - | T20: =Detail!C512 -> 2 | U20: =Detail!C513 -> 1 | V20: =Detail!C514 -> 2 | W20: =Detail!C515 -> 2 | X20: =Detail!C516 -> 2 | Y20: =Detail!C517 -> 4 | Z20: =Detail!C518 -> 2 | AA20: =Detail!C519 -> 2 | AB20: =Detail!C520 -> 3 | AC20: =Detail!C521 -> 1 | AD20: =Detail!C522 -> 3 | AE20: =Detail!C523 -> 1 | AF20: =SUM(B20:AE20) -> 49
A21: New Orleans Pelicans | B21: =Detail!C524 -> 0 | C21: =Detail!C525 -> 0 | D21: =Detail!C526 -> 0 | E21: =Detail!C527 -> 1 | F21: =Detail!C528 -> 2 | G21: =Detail!C529 -> 0 | H21: =Detail!C530 -> 1 | I21: =Detail!C531 -> 1 | J21: =Detail!C532 -> 0 | K21: =Detail!C533 -> 0 | L21: =Detail!C534 -> 0 | M21: =Detail!C535 -> 1 | N21: =Detail!C536 -> 1 | O21: =Detail!C537 -> 0 | P21: =Detail!C538 -> 0 | Q21: =Detail!C539 -> 0 | R21: =Detail!C540 -> 0 | S21: =Detail!C541 -> 1 | T21: - | U21: =Detail!C542 -> 0 | V21: =Detail!C543 -> 0 | W21: =Detail!C544 -> 0 | X21: =Detail!C545 -> 2 | Y21: =Detail!C546 -> 2 | Z21: =Detail!C547 -> 1 | AA21: =Detail!C548 -> 1 | AB21: =Detail!C549 -> 2 | AC21: =Detail!C550 -> 0 | AD21: =Detail!C551 -> 3 | AE21: =Detail!C552 -> 2 | AF21: =SUM(B21:AE21) -> 21
A22: New York Knicks | B22: =Detail!C553 -> 3 | C22: =Detail!C554 -> 0 | D22: =Detail!C555 -> 4 | E22: =Detail!C556 -> 2 | F22: =Detail!C557 -> 1 | G22: =Detail!C558 -> 0 | H22: =Detail!C559 -> 1 | I22: =Detail!C560 -> 2 | J22: =Detail!C561 -> 1 | K22: =Detail!C562 -> 0 | L22: =Detail!C563 -> 1 | M22: =Detail!C564 -> 2 | N22: =Detail!C565 -> 0 | O22: =Detail!C566 -> 0 | P22: =Detail!C567 -> 2 | Q22: =Detail!C568 -> 3 | R22: =Detail!C569 -> 3 | S22: =Detail!C570 -> 1 | T22: =Detail!C571 -> 2 | U22: - | V22: =Detail!C572 -> 0 | W22: =Detail!C573 -> 3 | X22: =Detail!C574 -> 4 | Y22: =Detail!C575 -> 2 | Z22: =Detail!C576 -> 2 | AA22: =Detail!C577 -> 2 | AB22: =Detail!C578 -> 1 | AC22: =Detail!C579 -> 4 | AD22: =Detail!C580 -> 1 | AE22: =Detail!C581 -> 4 | AF22: =SUM(B22:AE22) -> 51
A23: Oklahoma City Thunder | B23: =Detail!C582 -> 2 | C23: =Detail!C583 -> 2 | D23: =Detail!C584 -> 2 | E23: =Detail!C585 -> 2 | F23: =Detail!C586 -> 2 | G23: =Detail!C587 -> 1 | H23: =Detail!C588 -> 1 | I23: =Detail!C589 -> 2 | J23: =Detail!C590 -> 2 | K23: =Detail!C591 -> 1 | L23: =Detail!C592 -> 3 | M23: =Detail!C593 -> 2 | N23: =Detail!C594 -> 4 | O23: =Detail!C595 -> 2 | P23: =Detail!C596 -> 4 | Q23: =Detail!C597 -> 2 | R23: =Detail!C598 -> 2 | S23: =Detail!C599 -> 2 | T23: =Detail!C600 -> 4 | U23: =Detail!C601 -> 2 | V23: - | W23: =Detail!C602 -> 2 | X23: =Detail!C603 -> 2 | Y23: =Detail!C604 -> 3 | Z23: =Detail!C605 -> 4 | AA23: =Detail!C606 -> 3 | AB23: =Detail!C607 -> 2 | AC23: =Detail!C608 -> 2 | AD23: =Detail!C609 -> 4 | AE23: =Detail!C610 -> 2 | AF23: =SUM(B23:AE23) -> 68
A24: Orlando Magic | B24: =Detail!C611 -> 2 | C24: =Detail!C612 -> 2 | D24: =Detail!C613 -> 4 | E24: =Detail!C614 -> 4 | F24: =Detail!C615 -> 1 | G24: =Detail!C616 -> 1 | H24: =Detail!C617 -> 0 | I24: =Detail!C618 -> 0 | J24: =Detail!C619 -> 2 | K24: =Detail!C620 -> 0 | L24: =Detail!C621 -> 0 | M24: =Detail!C622 -> 3 | N24: =Detail!C623 -> 0 | O24: =Detail!C624 -> 2 | P24: =Detail!C625 -> 0 | Q24: =Detail!C626 -> 2 | R24: =Detail!C627 -> 1 | S24: =Detail!C628 -> 0 | T24: =Detail!C629 -> 2 | U24: =Detail!C630 -> 1 | V24: =Detail!C631 -> 0 | W24: - | X24: =Detail!C632 -> 3 | Y24: =Detail!C633 -> 2 | Z24: =Detail!C634 -> 0 | AA24: =Detail!C635 -> 2 | AB24: =Detail!C636 -> 2 | AC24: =Detail!C637 -> 1 | AD24: =Detail!C638 -> 0 | AE24: =Detail!C639 -> 4 | AF24: =SUM(B24:AE24) -> 41
A25: Philadelphia 76ers | B25: =Detail!C640 -> 0 | C25: =Detail!C641 -> 1 | D25: =Detail!C642 -> 2 | E25: =Detail!C643 -> 4 | F25: =Detail!C644 -> 2 | G25: =Detail!C645 -> 1 | H25: =Detail!C646 -> 2 | I25: =Detail!C647 -> 0 | J25: =Detail!C648 -> 1 | K25: =Detail!C649 -> 1 | L25: =Detail!C650 -> 0 | M25: =Detail!C651 -> 1 | N25: =Detail!C652 -> 0 | O25: =Detail!C653 -> 1 | P25: =Detail!C654 -> 0 | Q25: =Detail!C655 -> 0 | R25: =Detail!C656 -> 0 | S25: =Detail!C657 -> 0 | T25: =Detail!C658 -> 0 | U25: =Detail!C659 -> 0 | V25: =Detail!C660 -> 0 | W25: =Detail!C661 -> 1 | X25: - | Y25: =Detail!C662 -> 0 | Z25: =Detail!C663 -> 1 | AA25: =Detail!C664 -> 1 | AB25: =Detail!C665 -> 1 | AC25: =Detail!C666 -> 0 | AD25: =Detail!C667 -> 2 | AE25: =Detail!C668 -> 2 | AF25: =SUM(B25:AE25) -> 24
A26: Phoenix Suns | B26: =Detail!C669 -> 1 | C26: =Detail!C670 -> 0 | D26: =Detail!C671 -> 1 | E26: =Detail!C672 -> 1 | F26: =Detail!C673 -> 2 | G26: =Detail!C674 -> 1 | H26: =Detail!C675 -> 3 | I26: =Detail!C676 -> 1 | J26: =Detail!C677 -> 1 | K26: =Detail!C678 -> 2 | L26: =Detail!C679 -> 0 | M26: =Detail!C680 -> 0 | N26: =Detail!C681 -> 4 | O26: =Detail!C682 -> 2 | P26: =Detail!C683 -> 0 | Q26: =Detail!C684 -> 1 | R26: =Detail!C685 -> 1 | S26: =Detail!C686 -> 0 | T26: =Detail!C687 -> 1 | U26: =Detail!C688 -> 0 | V26: =Detail!C689 -> 0 | W26: =Detail!C690 -> 0 | X26: =Detail!C691 -> 2 | Y26: - | Z26: =Detail!C692 -> 2 | AA26: =Detail!C693 -> 1 | AB26: =Detail!C694 -> 2 | AC26: =Detail!C695 -> 1 | AD26: =Detail!C696 -> 4 | AE26: =Detail!C697 -> 2 | AF26: =SUM(B26:AE26) -> 36
A27: Portland Trail Blazers | B27: =Detail!C698 -> 2 | C27: =Detail!C699 -> 0 | D27: =Detail!C700 -> 1 | E27: =Detail!C701 -> 2 | F27: =Detail!C702 -> 1 | G27: =Detail!C703 -> 0 | H27: =Detail!C704 -> 1 | I27: =Detail!C705 -> 2 | J27: =Detail!C706 -> 0 | K27: =Detail!C707 -> 0 | L27: =Detail!C708 -> 1 | M27: =Detail!C709 -> 1 | N27: =Detail!C710 -> 1 | O27: =Detail!C711 -> 1 | P27: =Detail!C712 -> 1 | Q27: =Detail!C713 -> 1 | R27: =Detail!C714 -> 2 | S27: =Detail!C715 -> 2 | T27: =Detail!C716 -> 3 | U27: =Detail!C717 -> 0 | V27: =Detail!C718 -> 0 | W27: =Detail!C719 -> 2 | X27: =Detail!C720 -> 1 | Y27: =Detail!C721 -> 2 | Z27: - | AA27: =Detail!C722 -> 2 | AB27: =Detail!C723 -> 1 | AC27: =Detail!C724 -> 2 | AD27: =Detail!C725 -> 2 | AE27: =Detail!C726 -> 2 | AF27: =SUM(B27:AE27) -> 36
A28: Sacramento Kings | B28: =Detail!C727 -> 1 | C28: =Detail!C728 -> 1 | D28: =Detail!C729 -> 1 | E28: =Detail!C730 -> 2 | F28: =Detail!C731 -> 1 | G28: =Detail!C732 -> 2 | H28: =Detail!C733 -> 3 | I28: =Detail!C734 -> 0 | J28: =Detail!C735 -> 1 | K28: =Detail!C736 -> 2 | L28: =Detail!C737 -> 3 | M28: =Detail!C738 -> 0 | N28: =Detail!C739 -> 0 | O28: =Detail!C740 -> 0 | P28: =Detail!C741 -> 2 | Q28: =Detail!C742 -> 2 | R28: =Detail!C743 -> 0 | S28: =Detail!C744 -> 2 | T28: =Detail!C745 -> 3 | U28: =Detail!C746 -> 0 | V28: =Detail!C747 -> 0 | W28: =Detail!C748 -> 0 | X28: =Detail!C749 -> 1 | Y28: =Detail!C750 -> 3 | Z28: =Detail!C751 -> 2 | AA28: - | AB28: =Detail!C752 -> 2 | AC28: =Detail!C753 -> 1 | AD28: =Detail!C754 -> 4 | AE28: =Detail!C755 -> 1 | AF28: =SUM(B28:AE28) -> 40
A29: San Antonio Spurs | B29: =Detail!C756 -> 2 | C29: =Detail!C757 -> 0 | D29: =Detail!C758 -> 2 | E29: =Detail!C759 -> 0 | F29: =Detail!C760 -> 0 | G29: =Detail!C761 -> 0 | H29: =Detail!C762 -> 1 | I29: =Detail!C763 -> 2 | J29: =Detail!C764 -> 0 | K29: =Detail!C765 -> 2 | L29: =Detail!C766 -> 1 | M29: =Detail!C767 -> 1 | N29: =Detail!C768 -> 1 | O29: =Detail!C769 -> 1 | P29: =Detail!C770 -> 1 | Q29: =Detail!C771 -> 0 | R29: =Detail!C772 -> 1 | S29: =Detail!C773 -> 1 | T29: =Detail!C774 -> 2 | U29: =Detail!C775 -> 1 | V29: =Detail!C776 -> 1 | W29: =Detail!C777 -> 0 | X29: =Detail!C778 -> 1 | Y29: =Detail!C779 -> 1 | Z29: =Detail!C780 -> 3 | AA29: =Detail!C781 -> 2 | AB29: - | AC29: =Detail!C782 -> 2 | AD29: =Detail!C783 -> 3 | AE29: =Detail!C784 -> 2 | AF29: =SUM(B29:AE29) -> 34
A30: Toronto Raptors | B30: =Detail!C785 -> 2 | C30: =Detail!C786 -> 1 | D30: =Detail!C787 -> 3 | E30: =Detail!C788 -> 2 | F30: =Detail!C789 -> 0 | G30: =Detail!C790 -> 0 | H30: =Detail!C791 -> 0 | I30: =Detail!C792 -> 0 | J30: =Detail!C793 -> 0 | K30: =Detail!C794 -> 1 | L30: =Detail!C795 -> 0 | M30: =Detail!C796 -> 2 | N30: =Detail!C797 -> 1 | O30: =Detail!C798 -> 0 | P30: =Detail!C799 -> 0 | Q30: =Detail!C800 -> 1 | R30: =Detail!C801 -> 0 | S30: =Detail!C802 -> 1 | T30: =Detail!C803 -> 2 | U30: =Detail!C804 -> 0 | V30: =Detail!C805 -> 0 | W30: =Detail!C806 -> 3 | X30: =Detail!C807 -> 4 | Y30: =Detail!C808 -> 1 | Z30: =Detail!C809 -> 0 | AA30: =Detail!C810 -> 1 | AB30: =Detail!C811 -> 0 | AC30: - | AD30: =Detail!C812 -> 2 | AE30: =Detail!C813 -> 3 | AF30: =SUM(B30:AE30) -> 30
A31: Utah Jazz | B31: =Detail!C814 -> 0 | C31: =Detail!C815 -> 0 | D31: =Detail!C816 -> 2 | E31: =Detail!C817 -> 0 | F31: =Detail!C818 -> 1 | G31: =Detail!C819 -> 0 | H31: =Detail!C820 -> 1 | I31: =Detail!C821 -> 0 | J31: =Detail!C822 -> 1 | K31: =Detail!C823 -> 1 | L31: =Detail!C824 -> 1 | M31: =Detail!C825 -> 0 | N31: =Detail!C826 -> 0 | O31: =Detail!C827 -> 1 | P31: =Detail!C828 -> 0 | Q31: =Detail!C829 -> 1 | R31: =Detail!C830 -> 0 | S31: =Detail!C831 -> 1 | T31: =Detail!C832 -> 0 | U31: =Detail!C833 -> 1 | V31: =Detail!C834 -> 0 | W31: =Detail!C835 -> 2 | X31: =Detail!C836 -> 0 | Y31: =Detail!C837 -> 0 | Z31: =Detail!C838 -> 2 | AA31: =Detail!C839 -> 0 | AB31: =Detail!C840 -> 1 | AC31: =Detail!C841 -> 0 | AD31: - | AE31: =Detail!C842 -> 1 | AF31: =SUM(B31:AE31) -> 17
A32: Washington Wizards | B32: =Detail!C843 -> 2 | C32: =Detail!C844 -> 0 | D32: =Detail!C845 -> 2 | E32: =Detail!C846 -> 4 | F32: =Detail!C847 -> 1 | G32: =Detail!C848 -> 0 | H32: =Detail!C849 -> 0 | I32: =Detail!C850 -> 2 | J32: =Detail!C851 -> 1 | K32: =Detail!C852 -> 0 | L32: =Detail!C853 -> 0 | M32: =Detail!C854 -> 0 | N32: =Detail!C855 -> 0 | O32: =Detail!C856 -> 0 | P32: =Detail!C857 -> 0 | Q32: =Detail!C858 -> 1 | R32: =Detail!C859 -> 0 | S32: =Detail!C860 -> 1 | T32: =Detail!C861 -> 0 | U32: =Detail!C862 -> 0 | V32: =Detail!C863 -> 0 | W32: =Detail!C864 -> 0 | X32: =Detail!C865 -> 1 | Y32: =Detail!C866 -> 0 | Z32: =Detail!C867 -> 0 | AA32: =Detail!C868 -> 1 | AB32: =Detail!C869 -> 0 | AC32: =Detail!C870 -> 1 | AD32: =Detail!C871 -> 1 | AE32: - | AF32: =SUM(B32:AE32) -> 18
A33: Total | B33: =SUM(B3:B32) -> 42 | C33: =SUM(C3:C32) -> 21 | D33: =SUM(D3:D32) -> 56 | E33: =SUM(E3:E32) -> 63 | F33: =SUM(F3:F32) -> 43 | G33: =SUM(G3:G32) -> 18 | H33: =SUM(H3:H32) -> 43 | I33: =SUM(I3:I32) -> 32 | ... AE33: =SUM(AE3:AE32) -> 64

Sheet Losses_Matrix
A1: Losses vs Opponent
A2: Team \ Opponent | B2: Atlanta Hawks | C2: Boston Celtics | D2: Brooklyn Nets | E2: Charlotte Hornets | F2: Chicago Bulls | G2: Cleveland Cavaliers | H2: Dallas Mavericks | I2: Denver Nuggets | J2: Detroit Pistons | K2: Golden State Warriors | L2: Houston Rockets | M2: Indiana Pacers | N2: LA Clippers | O2: Los Angeles Lakers | P2: Memphis Grizzlies | Q2: Miami Heat | R2: Milwaukee Bucks | S2: Minnesota Timberwolves | T2: New Orleans Pelicans | U2: New York Knicks | V2: Oklahoma City Thunder | W2: Orlando Magic | X2: Philadelphia 76ers | Y2: Phoenix Suns | Z2: Portland Trail Blazers | AA2: Sacramento Kings | AB2: San Antonio Spurs | AC2: Toronto Raptors | AD2: Utah Jazz | AE2: Washington Wizards | AF2: Total
A3: Atlanta Hawks | B3: - | C3: =Detail!D2 -> 1 | D3: =Detail!D3 -> 1 | E3: =Detail!D4 -> 0 | F3: =Detail!D5 -> 2 | G3: =Detail!D6 -> 1 | H3: =Detail!D7 -> 2 | I3: =Detail!D8 -> 2 | J3: =Detail!D9 -> 3 | K3: =Detail!D10 -> 1 | L3: =Detail!D11 -> 2 | M3: =Detail!D12 -> 1 | N3: =Detail!D13 -> 2 | O3: =Detail!D14 -> 1 | P3: =Detail!D15 -> 1 | Q3: =Detail!D16 -> 2 | R3: =Detail!D17 -> 2 | S3: =Detail!D18 -> 1 | T3: =Detail!D19 -> 0 | U3: =Detail!D20 -> 3 | V3: =Detail!D21 -> 2 | W3: =Detail!D22 -> 2 | X3: =Detail!D23 -> 0 | Y3: =Detail!D24 -> 1 | Z3: =Detail!D25 -> 2 | AA3: =Detail!D26 -> 1 | AB3: =Detail!D27 -> 2 | AC3: =Detail!D28 -> 2 | AD3: =Detail!D29 -> 0 | AE3: =Detail!D30 -> 2 | AF3: =SUM(B3:AE3) -> 42
A4: Boston Celtics | B4: =Detail!D31 -> 2 | C4: - | D4: =Detail!D32 -> 0 | E4: =Detail!D33 -> 0 | F4: =Detail!D34 -> 1 | G4: =Detail!D35 -> 2 | H4: =Detail!D36 -> 1 | I4: =Detail!D37 -> 0 | J4: =Detail!D38 -> 1 | K4: =Detail!D39 -> 1 | L4: =Detail!D40 -> 1 | M4: =Detail!D41 -> 2 | N4: =Detail!D42 -> 0 | O4: =Detail!D43 -> 1 | P4: =Detail!D44 -> 1 | Q4: =Detail!D45 -> 1 | R4: =Detail!D46 -> 0 | S4: =Detail!D47 -> 0 | T4: =Detail!D48 -> 0 | U4: =Detail!D49 -> 0 | V4: =Detail!D50 -> 2 | W4: =Detail!D51 -> 2 | X4: =Detail!D52 -> 1 | Y4: =Detail!D53 -> 0 | Z4: =Detail!D54 -> 0 | AA4: =Detail!D55 -> 1 | AB4: =Detail!D56 -> 0 | AC4: =Detail!D57 -> 1 | AD4: =Detail!D58 -> 0 | AE4: =Detail!D59 -> 0 | AF4: =SUM(B4:AE4) -> 21
A5: Brooklyn Nets | B5: =Detail!D60 -> 2 | C5: =Detail!D61 -> 4 | D5: - | E5: =Detail!D62 -> 1 | F5: =Detail!D63 -> 2 | G5: =Detail!D64 -> 4 | H5: =Detail!D65 -> 1 | I5: =Detail!D66 -> 2 | J5: =Detail!D67 -> 3 | K5: =Detail!D68 -> 1 | L5: =Detail!D69 -> 0 | M5: =Detail!D70 -> 3 | N5: =Detail!D71 -> 2 | O5: =Detail!D72 -> 1 | P5: =Detail!D73 -> 1 | Q5: =Detail!D74 -> 2 | R5: =Detail!D75 -> 1 | S5: =Detail!D76 -> 2 | T5: =Detail!D77 -> 0 | U5: =Detail!D78 -> 4 | V5: =Detail!D79 -> 2 | W5: =Detail!D80 -> 4 | X5: =Detail!D81 -> 2 | Y5: =Detail!D82 -> 1 | Z5: =Detail!D83 -> 1 | AA5: =Detail!D84 -> 1 | AB5: =Detail!D85 -> 2 | AC5: =Detail!D86 -> 3 | AD5: =Detail!D87 -> 2 | AE5: =Detail!D88 -> 2 | AF5: =SUM(B5:AE5) -> 56
A6: Charlotte Hornets | B6: =Detail!D89 -> 4 | C6: =Detail!D90 -> 4 | D6: =Detail!D91 -> 3 | E6: - | F6: =Detail!D92 -> 3 | G6: =Detail!D93 -> 4 | H6: =Detail!D94 -> 1 | I6: =Detail!D95 -> 2 | J6: =Detail!D96 -> 2 | K6: =Detail!D97 -> 2 | L6: =Detail!D98 -> 1 | M6: =Detail!D99 -> 1 | N6: =Detail!D100 -> 2 | O6: =Detail!D101 -> 1 | P6: =Detail!D102 -> 2 | Q6: =Detail!D103 -> 3 | R6: =Detail!D104 -> 2 | S6: =Detail!D105 -> 2 | T6: =Detail!D106 -> 1 | U6: =Detail!D107 -> 2 | V6: =Detail!D108 -> 2 | W6: =Detail!D109 -> 4 | X6: =Detail!D110 -> 4 | Y6: =Detail!D111 -> 1 | Z6: =Detail!D112 -> 2 | AA6: =Detail!D113 -> 2 | AB6: =Detail!D114 -> 0 | AC6: =Detail!D115 -> 2 | AD6: =Detail!D116 -> 0 | AE6: =Detail!D117 -> 4 | AF6: =SUM(B6:AE6) -> 63
A7: Chicago Bulls | B7: =Detail!D118 -> 2 | C7: =Detail!D119 -> 3 | D7: =Detail!D120 -> 1 | E7: =Detail!D121 -> 1 | F7: - | G7: =Detail!D122 -> 4 | H7: =Detail!D123 -> 2 | I7: =Detail!D124 -> 0 | J7: =Detail!D125 -> 3 | K7: =Detail!D126 -> 2 | L7: =Detail!D127 -> 2 | M7: =Detail!D128 -> 3 | N7: =Detail!D129 -> 1 | O7: =Detail!D130 -> 0 | P7: =Detail!D131 -> 1 | Q7: =Detail!D132 -> 0 | R7: =Detail!D133 -> 2 | S7: =Detail!D134 -> 2 | T7: =Detail!D135 -> 2 | U7: =Detail!D136 -> 1 | V7: =Detail!D137 -> 2 | W7: =Detail!D138 -> 1 | X7: =Detail!D139 -> 2 | Y7: =Detail!D140 -> 2 | Z7: =Detail!D141 -> 1 | AA7: =Detail!D142 -> 1 | AB7: =Detail!D143 -> 0 | AC7: =Detail!D144 -> 0 | AD7: =Detail!D145 -> 1 | AE7: =Detail!D146 -> 1 | AF7: =SUM(B7:AE7) -> 43
A8: Cleveland Cavaliers | B8: =Detail!D147 -> 2 | C8: =Detail!D148 -> 2 | D8: =Detail!D149 -> 0 | E8: =Detail!D150 -> 0 | F8: =Detail!D151 -> 0 | G8: - | H8: =Detail!D152 -> 0 | I8: =Detail!D153 -> 0 | J8: =Detail!D154 -> 1 | K8: =Detail!D155 -> 0 | L8: =Detail!D156 -> 2 | M8: =Detail!D157 -> 3 | N8: =Detail!D158 -> 1 | O8: =Detail!D159 -> 0 | P8: =Detail!D160 -> 0 | Q8: =Detail!D161 -> 1 | R8: =Detail!D162 -> 0 | S8: =Detail!D163 -> 0 | T8: =Detail!D164 -> 0 | U8: =Detail!D165 -> 0 | V8: =Detail!D166 -> 1 | W8: =Detail!D167 -> 1 | X8: =Detail!D168 -> 1 | Y8: =Detail!D169 -> 1 | Z8: =Detail!D170 -> 0 | AA8: =Detail!D171 -> 2 | AB8: =Detail!D172 -> 0 | AC8: =Detail!D173 -> 0 | AD8: =Detail!D174 -> 0 | AE8: =Detail!D175 -> 0 | AF8: =SUM(B8:AE8) -> 18
A9: Dallas Mavericks | B9: =Detail!D176 -> 0 | C9: =Detail!D177 -> 1 | D9: =Detail!D178 -> 1 | E9: =Detail!D179 -> 1 | F9: =Detail!D180 -> 0 | G9: =Detail!D181 -> 2 | H9: - | I9: =Detail!D182 -> 3 | J9: =Detail!D183 -> 1 | K9: =Detail!D184 -> 2 | L9: =Detail!D185 -> 3 | M9: =Detail!D186 -> 2 | N9: =Detail!D187 -> 3 | O9: =Detail!D188 -> 2 | P9: =Detail!D189 -> 3 | Q9: =Detail!D190 -> 1 | R9: =Detail!D191 -> 2 | S9: =Detail!D192 -> 2 | T9: =Detail!D193 -> 1 | U9: =Detail!D194 -> 1 | V9: =Detail!D195 -> 1 | W9: =Detail!D196 -> 0 | X9: =Detail!D197 -> 2 | Y9: =Detail!D198 -> 3 | Z9: =Detail!D199 -> 1 | AA9: =Detail!D200 -> 3 | AB9: =Detail!D201 -> 1 | AC9: =Detail!D202 -> 0 | AD9: =Detail!D203 -> 1 | AE9: =Detail!D204 -> 0 | AF9: =SUM(B9:AE9) -> 43
A10: Denver Nuggets | B10: =Detail!D205 -> 0 | C10: =Detail!D206 -> 2 | D10: =Detail!D207 -> 0 | E10: =Detail!D208 -> 0 | F10: =Detail!D209 -> 2 | G10: =Detail!D210 -> 2 | H10: =Detail!D211 -> 1 | I10: - | J10: =Detail!D212 -> 0 | K10: =Detail!D213 -> 1 | L10: =Detail!D214 -> 1 | M10: =Detail!D215 -> 1 | N10: =Detail!D216 -> 2 | O10: =Detail!D217 -> 2 | P10: =Detail!D218 -> 1 | Q10: =Detail!D219 -> 0 | R10: =Detail!D220 -> 1 | S10: =Detail!D221 -> 4 | T10: =Detail!D222 -> 1 | U10: =Detail!D223 -> 2 | V10: =Detail!D224 -> 2 | W10: =Detail!D225 -> 0 | X10: =Detail!D226 -> 0 | Y10: =Detail!D227 -> 1 | Z10: =Detail!D228 -> 2 | AA10: =Detail!D229 -> 0 | AB10: =Detail!D230 -> 2 | AC10: =Detail!D231 -> 0 | AD10: =Detail!D232 -> 0 | AE10: =Detail!D233 -> 2 | AF10: =SUM(B10:AE10) -> 32
A11: Detroit Pistons | B11: =Detail!D234 -> 1 | C11: =Detail!D235 -> 3 | D11: =Detail!D236 -> 0 | E11: =Detail!D237 -> 2 | F11: =Detail!D238 -> 1 | G11: =Detail!D239 -> 3 | H11: =Detail!D240 -> 1 | I11: =Detail!D241 -> 2 | J11: - | K11: =Detail!D242 -> 2 | L11: =Detail!D243 -> 1 | M11: =Detail!D244 -> 3 | N11: =Detail!D245 -> 1 | O11: =Detail!D246 -> 0 | P11: =Detail!D247 -> 2 | Q11: =Detail!D248 -> 1 | R11: =Detail!D249 -> 4 | S11: =Detail!D250 -> 1 | T11: =Detail!D251 -> 0 | U11: =Detail!D252 -> 1 | V11: =Detail!D253 -> 2 | W11: =Detail!D254 -> 2 | X11: =Detail!D255 -> 1 | Y11: =Detail!D256 -> 1 | Z11: =Detail!D257 -> 0 | AA11: =Detail!D258 -> 1 | AB11: =Detail!D259 -> 0 | AC11: =Detail!D260 -> 0 | AD11: =Detail!D261 -> 1 | AE11: =Detail!D262 -> 1 | AF11: =SUM(B11:AE11) -> 38
A12: Golden State Warriors | B12: =Detail!D263 -> 1 | C12: =Detail!D264 -> 1 | D12: =Detail!D265 -> 1 | E12: =Detail!D266 -> 0 | F12: =Detail!D267 -> 0 | G12: =Detail!D268 -> 2 | H12: =Detail!D269 -> 2 | I12: =Detail!D270 -> 2 | J12: =Detail!D271 -> 0 | K12: - | L12: =Detail!D272 -> 2 | M12: =Detail!D273 -> 2 | N12: =Detail!D274 -> 4 | O12: =Detail!D275 -> 3 | P12: =Detail!D276 -> 1 | Q12: =Detail!D277 -> 2 | R12: =Detail!D278 -> 0 | S12: =Detail!D279 -> 1 | T12: =Detail!D280 -> 0 | U12: =Detail!D281 -> 0 | V12: =Detail!D282 -> 1 | W12: =Detail!D283 -> 0 | X12: =Detail!D284 -> 1 | Y12: =Detail!D285 -> 2 | Z12: =Detail!D286 -> 0 | AA12: =Detail!D287 -> 2 | AB12: =Detail!D288 -> 2 | AC12: =Detail!D289 -> 1 | AD12: =Detail!D290 -> 1 | AE12: =Detail!D291 -> 0 | AF12: =SUM(B12:AE12) -> 34
A13: Houston Rockets | B13: =Detail!D292 -> 0 | C13: =Detail!D293 -> 1 | D13: =Detail!D294 -> 2 | E13: =Detail!D295 -> 1 | F13: =Detail!D296 -> 0 | G13: =Detail!D297 -> 0 | H13: =Detail!D298 -> 1 | I13: =Detail!D299 -> 2 | J13: =Detail!D300 -> 1 | K13: =Detail!D301 -> 3 | L13: - | M13: =Detail!D302 -> 1 | N13: =Detail!D303 -> 1 | O13: =Detail!D304 -> 2 | P13: =Detail!D305 -> 1 | Q13: =Detail!D306 -> 1 | R13: =Detail!D307 -> 1 | S13: =Detail!D308 -> 2 | T13: =Detail!D309 -> 0 | U13: =Detail!D310 -> 1 | V13: =Detail!D311 -> 3 | W13: =Detail!D312 -> 0 | X13: =Detail!D313 -> 0 | Y13: =Detail!D314 -> 0 | Z13: =Detail!D315 -> 1 | AA13: =Detail!D316 -> 3 | AB13: =Detail!D317 -> 1 | AC13: =Detail!D318 -> 0 | AD13: =Detail!D319 -> 1 | AE13: =Detail!D320 -> 0 | AF13: =SUM(B13:AE13) -> 30
A14: Indiana Pacers | B14: =Detail!D321 -> 2 | C14: =Detail!D322 -> 1 | D14: =Detail!D323 -> 1 | E14: =Detail!D324 -> 2 | F14: =Detail!D325 -> 1 | G14: =Detail!D326 -> 1 | H14: =Detail!D327 -> 0 | I14: =Detail!D328 -> 1 | J14: =Detail!D329 -> 1 | K14: =Detail!D330 -> 0 | L14: =Detail!D331 -> 1 | M14: - | N14: =Detail!D332 -> 0 | O14: =Detail!D333 -> 2 | P14: =Detail!D334 -> 1 | Q14: =Detail!D335 -> 2 | R14: =Detail!D336 -> 3 | S14: =Detail!D337 -> 0 | T14: =Detail!D338 -> 1 | U14: =Detail!D339 -> 2 | V14: =Detail!D340 -> 2 | W14: =Detail!D341 -> 3 | X14: =Detail!D342 -> 1 | Y14: =Detail!D343 -> 0 | Z14: =Detail!D344 -> 1 | AA14: =Detail!D345 -> 0 | AB14: =Detail!D346 -> 1 | AC14: =Detail!D347 -> 2 | AD14: =Detail!D348 -> 0 | AE14: =Detail!D349 -> 0 | AF14: =SUM(B14:AE14) -> 32
A15: LA Clippers | B15: =Detail!D350 -> 0 | C15: =Detail!D351 -> 2 | D15: =Detail!D352 -> 0 | E15: =Detail!D353 -> 0 | F15: =Detail!D354 -> 1 | G15: =Detail!D355 -> 1 | H15: =Detail!D356 -> 1 | I15: =Detail!D357 -> 2 | J15: =Detail!D358 -> 1 | K15: =Detail!D359 -> 0 | L15: =Detail!D360 -> 3 | M15: =Detail!D361 -> 2 | N15: - | O15: =Detail!D362 -> 3 | P15: =Detail!D363 -> 0 | Q15: =Detail!D364 -> 0 | R15: =Detail!D365 -> 1 | S15: =Detail!D366 -> 3 | T15: =Detail!D367 -> 1 | U15: =Detail!D368 -> 0 | V15: =Detail!D369 -> 4 | W15: =Detail!D370 -> 0 | X15: =Detail!D371 -> 0 | Y15: =Detail!D372 -> 4 | Z15: =Detail!D373 -> 1 | AA15: =Detail!D374 -> 0 | AB15: =Detail!D375 -> 1 | AC15: =Detail!D376 -> 1 | AD15: =Detail!D377 -> 0 | AE15: =Detail!D378 -> 0 | AF15: =SUM(B15:AE15) -> 32
A16: Los Angeles Lakers | B16: =Detail!D379 -> 1 | C16: =Detail!D380 -> 1 | D16: =Detail!D381 -> 1 | E16: =Detail!D382 -> 1 | F16: =Detail!D383 -> 2 | G16: =Detail!D384 -> 2 | H16: =Detail!D385 -> 1 | I16: =Detail!D386 -> 2 | J16: =Detail!D387 -> 2 | K16: =Detail!D388 -> 1 | L16: =Detail!D389 -> 1 | M16: =Detail!D390 -> 0 | N16: =Detail!D391 -> 1 | O16: - | P16: =Detail!D392 -> 1 | Q16: =Detail!D393 -> 1 | R16: =Detail!D394 -> 2 | S16: =Detail!D395 -> 2 | T16: =Detail!D396 -> 0 | U16: =Detail!D397 -> 0 | V16: =Detail!D398 -> 2 | W16: =Detail!D399 -> 2 | X16: =Detail!D400 -> 1 | Y16: =Detail!D401 -> 2 | Z16: =Detail!D402 -> 1 | AA16: =Detail!D403 -> 0 | AB16: =Detail!D404 -> 1 | AC16: =Detail!D405 -> 0 | AD16: =Detail!D406 -> 1 | AE16: =Detail!D407 -> 0 | AF16: =SUM(B16:AE16) -> 32
A17: Memphis Grizzlies | B17: =Detail!D408 -> 1 | C17: =Detail!D409 -> 1 | D17: =Detail!D410 -> 2 | E17: =Detail!D411 -> 0 | F17: =Detail!D412 -> 1 | G17: =Detail!D413 -> 2 | H17: =Detail!D414 -> 1 | I17: =Detail!D415 -> 2 | J17: =Detail!D416 -> 0 | K17: =Detail!D417 -> 3 | L17: =Detail!D418 -> 3 | M17: =Detail!D419 -> 1 | N17: =Detail!D420 -> 3 | O17: =Detail!D421 -> 3 | P17: - | Q17: =Detail!D422 -> 0 | R17: =Detail!D423 -> 0 | S17: =Detail!D424 -> 1 | T17: =Detail!D425 -> 0 | U17: =Detail!D426 -> 2 | V17: =Detail!D427 -> 4 | W17: =Detail!D428 -> 0 | X17: =Detail!D429 -> 0 | Y17: =Detail!D430 -> 0 | Z17: =Detail!D431 -> 1 | AA17: =Detail!D432 -> 2 | AB17: =Detail!D433 -> 1 | AC17: =Detail!D434 -> 0 | AD17: =Detail!D435 -> 0 | AE17: =Detail!D436 -> 0 | AF17: =SUM(B17:AE17) -> 34
A18: Miami Heat | B18: =Detail!D437 -> 2 | C18: =Detail!D438 -> 3 | D18: =Detail!D439 -> 1 | E18: =Detail!D440 -> 1 | F18: =Detail!D441 -> 3 | G18: =Detail!D442 -> 2 | H18: =Detail!D443 -> 1 | I18: =Detail!D444 -> 2 | J18: =Detail!D445 -> 3 | K18: =Detail!D446 -> 0 | L18: =Detail!D447 -> 1 | M18: =Detail!D448 -> 2 | N18: =Detail!D449 -> 2 | O18: =Detail!D450 -> 1 | P18: =Detail!D451 -> 2 | Q18: - | R18: =Detail!D452 -> 4 | S18: =Detail!D453 -> 1 | T18: =Detail!D454 -> 0 | U18: =Detail!D455 -> 3 | V18: =Detail!D456 -> 2 | W18: =Detail!D457 -> 2 | X18: =Detail!D458 -> 0 | Y18: =Detail!D459 -> 1 | Z18: =Detail!D460 -> 1 | AA18: =Detail!D461 -> 2 | AB18: =Detail!D462 -> 0 | AC18: =Detail!D463 -> 1 | AD18: =Detail!D464 -> 1 | AE18: =Detail!D465 -> 1 | AF18: =SUM(B18:AE18) -> 45
A19: Milwaukee Bucks | B19: =Detail!D466 -> 3 | C19: =Detail!D467 -> 3 | D19: =Detail!D468 -> 3 | E19: =Detail!D469 -> 1 | F19: =Detail!D470 -> 2 | G19: =Detail!D471 -> 4 | H19: =Detail!D472 -> 0 | I19: =Detail!D473 -> 1 | J19: =Detail!D474 -> 0 | K19: =Detail!D475 -> 2 | L19: =Detail!D476 -> 1 | M19: =Detail!D477 -> 1 | N19: =Detail!D478 -> 1 | O19: =Detail!D479 -> 0 | P19: =Detail!D480 -> 2 | Q19: =Detail!D481 -> 0 | R19: - | S19: =Detail!D482 -> 0 | T19: =Detail!D483 -> 0 | U19: =Detail!D484 -> 3 | V19: =Detail!D485 -> 2 | W19: =Detail!D486 -> 1 | X19: =Detail!D487 -> 0 | Y19: =Detail!D488 -> 1 | Z19: =Detail!D489 -> 2 | AA19: =Detail!D490 -> 0 | AB19: =Detail!D491 -> 1 | AC19: =Detail!D492 -> 0 | AD19: =Detail!D493 -> 0 | AE19: =Detail!D494 -> 0 | AF19: =SUM(B19:AE19) -> 34
A20: Minnesota Timberwolves | B20: =Detail!D495 -> 1 | C20: =Detail!D496 -> 2 | D20: =Detail!D497 -> 0 | E20: =Detail!D498 -> 0 | F20: =Detail!D499 -> 0 | G20: =Detail!D500 -> 2 | H20: =Detail!D501 -> 1 | I20: =Detail!D502 -> 0 | J20: =Detail!D503 -> 1 | K20: =Detail!D504 -> 3 | L20: =Detail!D505 -> 2 | M20: =Detail!D506 -> 2 | N20: =Detail!D507 -> 0 | O20: =Detail!D508 -> 2 | P20: =Detail!D509 -> 2 | Q20: =Detail!D510 -> 1 | R20: =Detail!D511 -> 2 | S20: - | T20: =Detail!D512 -> 1 | U20: =Detail!D513 -> 1 | V20: =Detail!D514 -> 2 | W20: =Detail!D515 -> 0 | X20: =Detail!D516 -> 0 | Y20: =Detail!D517 -> 0 | Z20: =Detail!D518 -> 2 | AA20: =Detail!D519 -> 2 | AB20: =Detail!D520 -> 1 | AC20: =Detail!D521 -> 1 | AD20: =Detail!D522 -> 1 | AE20: =Detail!D523 -> 1 | AF20: =SUM(B20:AE20) -> 33
A21: New Orleans Pelicans | B21: =Detail!D524 -> 2 | C21: =Detail!D525 -> 2 | D21: =Detail!D526 -> 2 | E21: =Detail!D527 -> 1 | F21: =Detail!D528 -> 0 | G21: =Detail!D529 -> 2 | H21: =Detail!D530 -> 3 | I21: =Detail!D531 -> 3 | J21: =Detail!D532 -> 2 | K21: =Detail!D533 -> 4 | L21: =Detail!D534 -> 4 | M21: =Detail!D535 -> 2 | N21: =Detail!D536 -> 2 | O21: =Detail!D537 -> 3 | P21: =Detail!D538 -> 4 | Q21: =Detail!D539 -> 2 | R21: =Detail!D540 -> 2 | S21: =Detail!D541 -> 2 | T21: - | U21: =Detail!D542 -> 2 | V21: =Detail!D543 -> 4 | W21: =Detail!D544 -> 2 | X21: =Detail!D545 -> 0 | Y21: =Detail!D546 -> 1 | Z21: =Detail!D547 -> 3 | AA21: =Detail!D548 -> 3 | AB21: =Detail!D549 -> 2 | AC21: =Detail!D550 -> 2 | AD21: =Detail!D551 -> 0 | AE21: =Detail!D552 -> 0 | AF21: =SUM(B21:AE21) -> 61
A22: New York Knicks | B22: =Detail!D553 -> 2 | C22: =Detail!D554 -> 4 | D22: =Detail!D555 -> 0 | E22: =Detail!D556 -> 1 | F22: =Detail!D557 -> 2 | G22: =Detail!D558 -> 4 | H22: =Detail!D559 -> 1 | I22: =Detail!D560 -> 0 | J22: =Detail!D561 -> 3 | K22: =Detail!D562 -> 2 | L22: =Detail!D563 -> 1 | M22: =Detail!D564 -> 1 | N22: =Detail!D565 -> 2 | O22: =Detail!D566 -> 2 | P22: =Detail!D567 -> 0 | Q22: =Detail!D568 -> 0 | R22: =Detail!D569 -> 0 | S22: =Detail!D570 -> 1 | T22: =Detail!D571 -> 0 | U22: - | V22: =Detail!D572 -> 2 | W22: =Detail!D573 -> 1 | X22: =Detail!D574 -> 0 | Y22: =Detail!D575 -> 0 | Z22: =Detail!D576 -> 0 | AA22: =Detail!D577 -> 0 | AB22: =Detail!D578 -> 1 | AC22: =Detail!D579 -> 0 | AD22: =Detail!D580 -> 1 | AE22: =Detail!D581 -> 0 | AF22: =SUM(B22:AE22) -> 31
A23: Oklahoma City Thunder | B23: =Detail!D582 -> 0 | C23: =Detail!D583 -> 0 | D23: =Detail!D584 -> 0 | E23: =Detail!D585 -> 0 | F23: =Detail!D586 -> 0 | G23: =Detail!D587 -> 1 | H23: =Detail!D588 -> 3 | I23: =Detail!D589 -> 2 | J23: =Detail!D590 -> 0 | K23: =Detail!D591 -> 2 | L23: =Detail!D592 -> 2 | M23: =Detail!D593 -> 0 | N23: =Detail!D594 -> 0 | O23: =Detail!D595 -> 1 | P23: =Detail!D596 -> 0 | Q23: =Detail!D597 -> 0 | R23: =Detail!D598 -> 0 | S23: =Detail!D599 -> 2 | T23: =Detail!D600 -> 0 | U23: =Detail!D601 -> 0 | V23: - | W23: =Detail!D602 -> 0 | X23: =Detail!D603 -> 0 | Y23: =Detail!D604 -> 0 | Z23: =Detail!D605 -> 0 | AA23: =Detail!D606 -> 0 | AB23: =Detail!D607 -> 1 | AC23: =Detail!D608 -> 0 | AD23: =Detail!D609 -> 0 | AE23: =Detail!D610 -> 0 | AF23: =SUM(B23:AE23) -> 14
A24: Orlando Magic | B24: =Detail!D611 -> 2 | C24: =Detail!D612 -> 1 | D24: =Detail!D613 -> 0 | E24: =Detail!D614 -> 0 | F24: =Detail!D615 -> 2 | G24: =Detail!D616 -> 2 | H24: =Detail!D617 -> 2 | I24: =Detail!D618 -> 2 | J24: =Detail!D619 -> 1 | K24: =Detail!D620 -> 2 | L24: =Detail!D621 -> 2 | M24: =Detail!D622 -> 1 | N24: =Detail!D623 -> 2 | O24: =Detail!D624 -> 0 | P24: =Detail!D625 -> 2 | Q24: =Detail!D626 -> 2 | R24: =Detail!D627 -> 3 | S24: =Detail!D628 -> 2 | T24: =Detail!D629 -> 0 | U24: =Detail!D630 -> 3 | V24: =Detail!D631 -> 2 | W24: - | X24: =Detail!D632 -> 1 | Y24: =Detail!D633 -> 0 | Z24: =Detail!D634 -> 2 | AA24: =Detail!D635 -> 0 | AB24: =Detail!D636 -> 0 | AC24: =Detail!D637 -> 3 | AD24: =Detail!D638 -> 2 | AE24: =Detail!D639 -> 0 | AF24: =SUM(B24:AE24) -> 41
A25: Philadelphia 76ers | B25: =Detail!D640 -> 3 | C25: =Detail!D641 -> 3 | D25: =Detail!D642 -> 2 | E25: =Detail!D643 -> 0 | F25: =Detail!D644 -> 2 | G25: =Detail!D645 -> 2 | H25: =Detail!D646 -> 0 | I25: =Detail!D647 -> 2 | J25: =Detail!D648 -> 2 | K25: =Detail!D649 -> 1 | L25: =Detail!D650 -> 2 | M25: =Detail!D651 -> 3 | N25: =Detail!D652 -> 2 | O25: =Detail!D653 -> 1 | P25: =Detail!D654 -> 2 | Q25: =Detail!D655 -> 4 | R25: =Detail!D656 -> 4 | S25: =Detail!D657 -> 2 | T25: =Detail!D658 -> 2 | U25: =Detail!D659 -> 4 | V25: =Detail!D660 -> 2 | W25: =Detail!D661 -> 3 | X25: - | Y25: =Detail!D662 -> 2 | Z25: =Detail!D663 -> 1 | AA25: =Detail!D664 -> 1 | AB25: =Detail!D665 -> 1 | AC25: =Detail!D666 -> 4 | AD25: =Detail!D667 -> 0 | AE25: =Detail!D668 -> 1 | AF25: =SUM(B25:AE25) -> 58
A26: Phoenix Suns | B26: =Detail!D669 -> 1 | C26: =Detail!D670 -> 2 | D26: =Detail!D671 -> 1 | E26: =Detail!D672 -> 1 | F26: =Detail!D673 -> 0 | G26: =Detail!D674 -> 1 | H26: =Detail!D675 -> 1 | I26: =Detail!D676 -> 3 | J26: =Detail!D677 -> 1 | K26: =Detail!D678 -> 2 | L26: =Detail!D679 -> 3 | M26: =Detail!D680 -> 2 | N26: =Detail!D681 -> 0 | O26: =Detail!D682 -> 2 | P26: =Detail!D683 -> 4 | Q26: =Detail!D684 -> 1 | R26: =Detail!D685 -> 1 | S26: =Detail!D686 -> 4 | T26: =Detail!D687 -> 2 | U26: =Detail!D688 -> 2 | V26: =Detail!D689 -> 3 | W26: =Detail!D690 -> 2 | X26: =Detail!D691 -> 0 | Y26: - | Z26: =Detail!D692 -> 2 | AA26: =Detail!D693 -> 3 | AB26: =Detail!D694 -> 1 | AC26: =Detail!D695 -> 1 | AD26: =Detail!D696 -> 0 | AE26: =Detail!D697 -> 0 | AF26: =SUM(B26:AE26) -> 46
A27: Portland Trail Blazers | B27: =Detail!D698 -> 0 | C27: =Detail!D699 -> 2 | D27: =Detail!D700 -> 1 | E27: =Detail!D701 -> 0 | F27: =Detail!D702 -> 1 | G27: =Detail!D703 -> 2 | H27: =Detail!D704 -> 3 | I27: =Detail!D705 -> 2 | J27: =Detail!D706 -> 2 | K27: =Detail!D707 -> 3 | L27: =Detail!D708 -> 2 | M27: =Detail!D709 -> 1 | N27: =Detail!D710 -> 2 | O27: =Detail!D711 -> 3 | P27: =Detail!D712 -> 2 | Q27: =Detail!D713 -> 1 | R27: =Detail!D714 -> 0 | S27: =Detail!D715 -> 2 | T27: =Detail!D716 -> 1 | U27: =Detail!D717 -> 2 | V27: =Detail!D718 -> 4 | W27: =Detail!D719 -> 0 | X27: =Detail!D720 -> 1 | Y27: =Detail!D721 -> 2 | Z27: - | AA27: =Detail!D722 -> 2 | AB27: =Detail!D723 -> 3 | AC27: =Detail!D724 -> 0 | AD27: =Detail!D725 -> 2 | AE27: =Detail!D726 -> 0 | AF27: =SUM(B27:AE27) -> 46
A28: Sacramento Kings | B28: =Detail!D727 -> 1 | C28: =Detail!D728 -> 1 | D28: =Detail!D729 -> 1 | E28: =Detail!D730 -> 0 | F28: =Detail!D731 -> 1 | G28: =Detail!D732 -> 0 | H28: =Detail!D733 -> 0 | I28: =Detail!D734 -> 4 | J28: =Detail!D735 -> 1 | K28: =Detail!D736 -> 2 | L28: =Detail!D737 -> 0 | M28: =Detail!D738 -> 2 | N28: =Detail!D739 -> 4 | O28: =Detail!D740 -> 4 | P28: =Detail!D741 -> 1 | Q28: =Detail!D742 -> 0 | R28: =Detail!D743 -> 2 | S28: =Detail!D744 -> 2 | T28: =Detail!D745 -> 1 | U28: =Detail!D746 -> 2 | V28: =Detail!D747 -> 3 | W28: =Detail!D748 -> 2 | X28: =Detail!D749 -> 1 | Y28: =Detail!D750 -> 1 | Z28: =Detail!D751 -> 2 | AA28: - | AB28: =Detail!D752 -> 2 | AC28: =Detail!D753 -> 1 | AD28: =Detail!D754 -> 0 | AE28: =Detail!D755 -> 1 | AF28: =SUM(B28:AE28) -> 42
A29: San Antonio Spurs | B29: =Detail!D756 -> 0 | C29: =Detail!D757 -> 2 | D29: =Detail!D758 -> 0 | E29: =Detail!D759 -> 2 | F29: =Detail!D760 -> 2 | G29: =Detail!D761 -> 2 | H29: =Detail!D762 -> 3 | I29: =Detail!D763 -> 1 | J29: =Detail!D764 -> 2 | K29: =Detail!D765 -> 1 | L29: =Detail!D766 -> 3 | M29: =Detail!D767 -> 1 | N29: =Detail!D768 -> 3 | O29: =Detail!D769 -> 3 | P29: =Detail!D770 -> 3 | Q29: =Detail!D771 -> 2 | R29: =Detail!D772 -> 1 | S29: =Detail!D773 -> 3 | T29: =Detail!D774 -> 2 | U29: =Detail!D775 -> 1 | V29: =Detail!D776 -> 2 | W29: =Detail!D777 -> 2 | X29: =Detail!D778 -> 1 | Y29: =Detail!D779 -> 2 | Z29: =Detail!D780 -> 1 | AA29: =Detail!D781 -> 2 | AB29: - | AC29: =Detail!D782 -> 0 | AD29: =Detail!D783 -> 1 | AE29: =Detail!D784 -> 0 | AF29: =SUM(B29:AE29) -> 48
A30: Toronto Raptors | B30: =Detail!D785 -> 1 | C30: =Detail!D786 -> 3 | D30: =Detail!D787 -> 1 | E30: =Detail!D788 -> 1 | F30: =Detail!D789 -> 4 | G30: =Detail!D790 -> 4 | H30: =Detail!D791 -> 2 | I30: =Detail!D792 -> 2 | J30: =Detail!D793 -> 4 | K30: =Detail!D794 -> 1 | L30: =Detail!D795 -> 2 | M30: =Detail!D796 -> 1 | N30: =Detail!D797 -> 1 | O30: =Detail!D798 -> 2 | P30: =Detail!D799 -> 2 | Q30: =Detail!D800 -> 3 | R30: =Detail!D801 -> 3 | S30: =Detail!D802 -> 1 | T30: =Detail!D803 -> 0 | U30: =Detail!D804 -> 4 | V30: =Detail!D805 -> 2 | W30: =Detail!D806 -> 1 | X30: =Detail!D807 -> 0 | Y30: =Detail!D808 -> 1 | Z30: =Detail!D809 -> 2 | AA30: =Detail!D810 -> 1 | AB30: =Detail!D811 -> 2 | AC30: - | AD30: =Detail!D812 -> 0 | AE30: =Detail!D813 -> 1 | AF30: =SUM(B30:AE30) -> 52
A31: Utah Jazz | B31: =Detail!D814 -> 2 | C31: =Detail!D815 -> 2 | D31: =Detail!D816 -> 0 | E31: =Detail!D817 -> 2 | F31: =Detail!D818 -> 1 | G31: =Detail!D819 -> 2 | H31: =Detail!D820 -> 2 | I31: =Detail!D821 -> 4 | J31: =Detail!D822 -> 1 | K31: =Detail!D823 -> 2 | L31: =Detail!D824 -> 2 | M31: =Detail!D825 -> 2 | N31: =Detail!D826 -> 4 | O31: =Detail!D827 -> 3 | P31: =Detail!D828 -> 4 | Q31: =Detail!D829 -> 1 | R31: =Detail!D830 -> 2 | S31: =Detail!D831 -> 3 | T31: =Detail!D832 -> 3 | U31: =Detail!D833 -> 1 | V31: =Detail!D834 -> 4 | W31: =Detail!D835 -> 0 | X31: =Detail!D836 -> 2 | Y31: =Detail!D837 -> 4 | Z31: =Detail!D838 -> 2 | AA31: =Detail!D839 -> 4 | AB31: =Detail!D840 -> 3 | AC31: =Detail!D841 -> 2 | AD31: - | AE31: =Detail!D842 -> 1 | AF31: =SUM(B31:AE31) -> 65
A32: Washington Wizards | B32: =Detail!D843 -> 2 | C32: =Detail!D844 -> 4 | D32: =Detail!D845 -> 1 | E32: =Detail!D846 -> 0 | F32: =Detail!D847 -> 3 | G32: =Detail!D848 -> 4 | H32: =Detail!D849 -> 2 | I32: =Detail!D850 -> 0 | J32: =Detail!D851 -> 2 | K32: =Detail!D852 -> 2 | L32: =Detail!D853 -> 2 | M32: =Detail!D854 -> 4 | N32: =Detail!D855 -> 2 | O32: =Detail!D856 -> 2 | P32: =Detail!D857 -> 2 | Q32: =Detail!D858 -> 3 | R32: =Detail!D859 -> 3 | S32: =Detail!D860 -> 1 | T32: =Detail!D861 -> 2 | U32: =Detail!D862 -> 4 | V32: =Detail!D863 -> 2 | W32: =Detail!D864 -> 4 | X32: =Detail!D865 -> 2 | Y32: =Detail!D866 -> 2 | Z32: =Detail!D867 -> 2 | AA32: =Detail!D868 -> 1 | AB32: =Detail!D869 -> 2 | AC32: =Detail!D870 -> 3 | AD32: =Detail!D871 -> 1 | AE32: - | AF32: =SUM(B32:AE32) -> 64
A33: Total | B33: =SUM(B3:B32) -> 40 | C33: =SUM(C3:C32) -> 61 | D33: =SUM(D3:D32) -> 26 | E33: =SUM(E3:E32) -> 19 | F33: =SUM(F3:F32) -> 39 | G33: =SUM(G3:G32) -> 64 | H33: =SUM(H3:H32) -> 39 | I33: =SUM(I3:I32) -> 50 | ... AE33: =SUM(AE3:AE32) -> 18

Sheet Series_Matrix
A1: Series (W-L) vs Opponent
A2: Team \ Opponent | B2: Atlanta Hawks | C2: Boston Celtics | D2: Brooklyn Nets | E2: Charlotte Hornets | F2: Chicago Bulls | G2: Cleveland Cavaliers | H2: Dallas Mavericks | I2: Denver Nuggets | J2: Detroit Pistons | K2: Golden State Warriors | L2: Houston Rockets | M2: Indiana Pacers | N2: LA Clippers | O2: Los Angeles Lakers | P2: Memphis Grizzlies | Q2: Miami Heat | R2: Milwaukee Bucks | S2: Minnesota Timberwolves | T2: New Orleans Pelicans | U2: New York Knicks | V2: Oklahoma City Thunder | W2: Orlando Magic | X2: Philadelphia 76ers | Y2: Phoenix Suns | Z2: Portland Trail Blazers | AA2: Sacramento Kings | AB2: San Antonio Spurs | AC2: Toronto Raptors | AD2: Utah Jazz | AE2: Washington Wizards | AF2: Total
A3: Atlanta Hawks | B3: - | C3: =Detail!E2 -> 2-1 | D3: =Detail!E3 -> 2-1 | E3: =Detail!E4 -> 4-0 | F3: =Detail!E5 -> 2-2 | G3: =Detail!E6 -> 2-1 | H3: =Detail!E7 -> 0-2 | I3: =Detail!E8 -> 0-2 | J3: =Detail!E9 -> 1-3 | K3: =Detail!E10 -> 1-1 | L3: =Detail!E11 -> 0-2 | M3: =Detail!E12 -> 2-1 | N3: =Detail!E13 -> 0-2 | O3: =Detail!E14 -> 1-1 | P3: =Detail!E15 -> 1-1 | Q3: =Detail!E16 -> 2-2 | R3: =Detail!E17 -> 3-2 | S3: =Detail!E18 -> 1-1 | T3: =Detail!E19 -> 2-0 | U3: =Detail!E20 -> 2-3 | V3: =Detail!E21 -> 0-2 | W3: =Detail!E22 -> 2-2 | X3: =Detail!E23 -> 3-0 | Y3: =Detail!E24 -> 1-1 | Z3: =Detail!E25 -> 0-2 | AA3: =Detail!E26 -> 1-1 | AB3: =Detail!E27 -> 0-2 | AC3: =Detail!E28 -> 1-2 | AD3: =Detail!E29 -> 2-0 | AE3: =Detail!E30 -> 2-2 | AF3: =Validation!C2&"-"&Validation!D2 -> 40-42
A4: Boston Celtics | B4: =Detail!E31 -> 1-2 | C4: - | D4: =Detail!E32 -> 4-0 | E4: =Detail!E33 -> 4-0 | F4: =Detail!E34 -> 3-1 | G4: =Detail!E35 -> 2-2 | H4: =Detail!E36 -> 1-1 | I4: =Detail!E37 -> 2-0 | J4: =Detail!E38 -> 3-1 | K4: =Detail!E39 -> 1-1 | L4: =Detail!E40 -> 1-1 | M4: =Detail!E41 -> 1-2 | N4: =Detail!E42 -> 2-0 | O4: =Detail!E43 -> 1-1 | P4: =Detail!E44 -> 1-1 | Q4: =Detail!E45 -> 3-1 | R4: =Detail!E46 -> 3-0 | S4: =Detail!E47 -> 2-0 | T4: =Detail!E48 -> 2-0 | U4: =Detail!E49 -> 4-0 | V4: =Detail!E50 -> 0-2 | W4: =Detail!E51 -> 1-2 | X4: =Detail!E52 -> 3-1 | Y4: =Detail!E53 -> 2-0 | Z4: =Detail!E54 -> 2-0 | AA4: =Detail!E55 -> 1-1 | AB4: =Detail!E56 -> 2-0 | AC4: =Detail!E57 -> 3-1 | AD4: =Detail!E58 -> 2-0 | AE4: =Detail!E59 -> 4-0 | AF4: =Validation!C3&"-"&Validation!D3 -> 61-21
A5: Brooklyn Nets | B5: =Detail!E60 -> 1-2 | C5: =Detail!E61 -> 0-4 | D5: - | E5: =Detail!E62 -> 3-1 | F5: =Detail!E63 -> 1-2 | G5: =Detail!E64 -> 0-4 | H5: =Detail!E65 -> 1-1 | I5: =Detail!E66 -> 0-2 | J5: =Detail!E67 -> 0-3 | K5: =Detail!E68 -> 1-1 | L5: =Detail!E69 -> 2-0 | M5: =Detail!E70 -> 1-3 | N5: =Detail!E71 -> 0-2 | O5: =Detail!E72 -> 1-1 | P5: =Detail!E73 -> 2-1 | Q5: =Detail!E74 -> 1-2 | R5: =Detail!E75 -> 3-1 | S5: =Detail!E76 -> 0-2 | T5: =Detail!E77 -> 2-0 | U5: =Detail!E78 -> 0-4 | V5: =Detail!E79 -> 0-2 | W5: =Detail!E80 -> 0-4 | X5: =Detail!E81 -> 2-2 | Y5: =Detail!E82 -> 1-1 | Z5: =Detail!E83 -> 1-1 | AA5: =Detail!E84 -> 1-1 | AB5: =Detail!E85 -> 0-2 | AC5: =Detail!E86 -> 1-3 | AD5: =Detail!E87 -> 0-2 | AE5: =Detail!E88 -> 1-2 | AF5: =Validation!C4&"-"&Validation!D4 -> 26-56
A6: Charlotte Hornets | B6: =Detail!E89 -> 0-4 | C6: =Detail!E90 -> 0-4 | D6: =Detail!E91 -> 1-3 | E6: - | F6: =Detail!E92 -> 1-3 | G6: =Detail!E93 -> 0-4 | H6: =Detail!E94 -> 1-1 | I6: =Detail!E95 -> 0-2 | J6: =Detail!E96 -> 2-2 | K6: =Detail!E97 -> 0-2 | L6: =Detail!E98 -> 1-1 | M6: =Detail!E99 -> 2-1 | N6: =Detail!E100 -> 0-2 | O6: =Detail!E101 -> 1-1 | P6: =Detail!E102 -> 0-2 | Q6: =Detail!E103 -> 1-3 | R6: =Detail!E104 -> 1-2 | S6: =Detail!E105 -> 0-2 | T6: =Detail!E106 -> 1-1 | U6: =Detail!E107 -> 1-2 | V6: =Detail!E108 -> 0-2 | W6: =Detail!E109 -> 0-4 | X6: =Detail!E110 -> 0-4 | Y6: =Detail!E111 -> 1-1 | Z6: =Detail!E112 -> 0-2 | AA6: =Detail!E113 -> 0-2 | AB6: =Detail!E114 -> 2-0 | AC6: =Detail!E115 -> 1-2 | AD6: =Detail!E116 -> 2-0 | AE6: =Detail!E117 -> 0-4 | AF6: =Validation!C5&"-"&Validation!D5 -> 19-63
A7: Chicago Bulls | B7: =Detail!E118 -> 2-2 | C7: =Detail!E119 -> 1-3 | D7: =Detail!E120 -> 2-1 | E7: =Detail!E121 -> 3-1 | F7: - | G7: =Detail!E122 -> 0-4 | H7: =Detail!E123 -> 0-2 | I7: =Detail!E124 -> 2-0 | J7: =Detail!E125 -> 1-3 | K7: =Detail!E126 -> 0-2 | L7: =Detail!E127 -> 0-2 | M7: =Detail!E128 -> 1-3 | N7: =Detail!E129 -> 1-1 | O7: =Detail!E130 -> 2-0 | P7: =Detail!E131 -> 1-1 | Q7: =Detail!E132 -> 3-0 | R7: =Detail!E133 -> 2-2 | S7: =Detail!E134 -> 0-2 | T7: =Detail!E135 -> 0-2 | U7: =Detail!E136 -> 2-1 | V7: =Detail!E137 -> 0-2 | W7: =Detail!E138 -> 2-1 | X7: =Detail!E139 -> 2-2 | Y7: =Detail!E140 -> 0-2 | Z7: =Detail!E141 -> 1-1 | AA7: =Detail!E142 -> 1-1 | AB7: =Detail!E143 -> 2-0 | AC7: =Detail!E144 -> 4-0 | AD7: =Detail!E145 -> 1-1 | AE7: =Detail!E146 -> 3-1 | AF7: =Validation!C6&"-"&Validation!D6 -> 39-43
A8: Cleveland Cavaliers | B8: =Detail!E147 -> 1-2 | C8: =Detail!E148 -> 2-2 | D8: =Detail!E149 -> 4-0 | E8: =Detail!E150 -> 4-0 | F8: =Detail!E151 -> 4-0 | G8: - | H8: =Detail!E152 -> 2-0 | I8: =Detail!E153 -> 2-0 | J8: =Detail!E154 -> 3-1 | K8: =Detail!E155 -> 2-0 | L8: =Detail!E156 -> 0-2 | M8: =Detail!E157 -> 1-3 | N8: =Detail!E158 -> 1-1 | O8: =Detail!E159 -> 2-0 | P8: =Detail!E160 -> 2-0 | Q8: =Detail!E161 -> 2-1 | R8: =Detail!E162 -> 4-0 | S8: =Detail!E163 -> 2-0 | T8: =Detail!E164 -> 2-0 | U8: =Detail!E165 -> 4-0 | V8: =Detail!E166 -> 1-1 | W8: =Detail!E167 -> 2-1 | X8: =Detail!E168 -> 2-1 | Y8: =Detail!E169 -> 1-1 | Z8: =Detail!E170 -> 2-0 | AA8: =Detail!E171 -> 0-2 | AB8: =Detail!E172 -> 2-0 | AC8: =Detail!E173 -> 4-0 | AD8: =Detail!E174 -> 2-0 | AE8: =Detail!E175 -> 4-0 | AF8: =Validation!C7&"-"&Validation!D7 -> 64-18
A9: Dallas Mavericks | B9: =Detail!E176 -> 2-0 | C9: =Detail!E177 -> 1-1 | D9: =Detail!E178 -> 1-1 | E9: =Detail!E179 -> 1-1 | F9: =Detail!E180 -> 2-0 | G9: =Detail!E181 -> 0-2 | H9: - | I9: =Detail!E182 -> 1-3 | J9: =Detail!E183 -> 1-1 | K9: =Detail!E184 -> 2-2 | L9: =Detail!E185 -> 1-3 | M9: =Detail!E186 -> 0-2 | N9: =Detail!E187 -> 1-3 | O9: =Detail!E188 -> 1-2 | P9: =Detail!E189 -> 1-3 | Q9: =Detail!E190 -> 1-1 | R9: =Detail!E191 -> 0-2 | S9: =Detail!E192 -> 1-2 | T9: =Detail!E193 -> 3-1 | U9: =Detail!E194 -> 1-1 | V9: =Detail!E195 -> 3-1 | W9: =Detail!E196 -> 2-0 | X9: =Detail!E197 -> 0-2 | Y9: =Detail!E198 -> 1-3 | Z9: =Detail!E199 -> 3-1 | AA9: =Detail!E200 -> 0-3 | AB9: =Detail!E201 -> 3-1 | AC9: =Detail!E202 -> 2-0 | AD9: =Detail!E203 -> 2-1 | AE9: =Detail!E204 -> 2-0 | AF9: =Validation!C8&"-"&Validation!D8 -> 39-43
A10: Denver Nuggets | B10: =Detail!E205 -> 2-0 | C10: =Detail!E206 -> 0-2 | D10: =Detail!E207 -> 2-0 | E10: =Detail!E208 -> 2-0 | F10: =Detail!E209 -> 0-2 | G10: =Detail!E210 -> 0-2 | H10: =Detail!E211 -> 3-1 | I10: - | J10: =Detail!E212 -> 2-0 | K10: =Detail!E213 -> 2-1 | L10: =Detail!E214 -> 2-1 | M10: =Detail!E215 -> 1-1 | N10: =Detail!E216 -> 2-2 | O10: =Detail!E217 -> 2-2 | P10: =Detail!E218 -> 2-1 | Q10: =Detail!E219 -> 2-0 | R10: =Detail!E220 -> 1-1 | S10: =Detail!E221 -> 0-4 | T10: =Detail!E222 -> 3-1 | U10: =Detail!E223 -> 0-2 | V10: =Detail!E224 -> 2-2 | W10: =Detail!E225 -> 2-0 | X10: =Detail!E226 -> 2-0 | Y10: =Detail!E227 -> 3-1 | Z10: =Detail!E228 -> 2-2 | AA10: =Detail!E229 -> 4-0 | AB10: =Detail!E230 -> 1-2 | AC10: =Detail!E231 -> 2-0 | AD10: =Detail!E232 -> 4-0 | AE10: =Detail!E233 -> 0-2 | AF10: =Validation!C9&"-"&Validation!D9 -> 50-32
A11: Detroit Pistons | B11: =Detail!E234 -> 3-1 | C11: =Detail!E235 -> 1-3 | D11: =Detail!E236 -> 3-0 | E11: =Detail!E237 -> 2-2 | F11: =Detail!E238 -> 3-1 | G11: =Detail!E239 -> 1-3 | H11: =Detail!E240 -> 1-1 | I11: =Detail!E241 -> 0-2 | J11: - | K11: =Detail!E242 -> 0-2 | L11: =Detail!E243 -> 1-1 | M11: =Detail!E244 -> 1-3 | N11: =Detail!E245 -> 1-1 | O11: =Detail!E246 -> 2-0 | P11: =Detail!E247 -> 0-2 | Q11: =Detail!E248 -> 3-1 | R11: =Detail!E249 -> 0-4 | S11: =Detail!E250 -> 1-1 | T11: =Detail!E251 -> 2-0 | U11: =Detail!E252 -> 3-1 | V11: =Detail!E253 -> 0-2 | W11: =Detail!E254 -> 1-2 | X11: =Detail!E255 -> 2-1 | Y11: =Detail!E256 -> 1-1 | Z11: =Detail!E257 -> 2-0 | AA11: =Detail!E258 -> 1-1 | AB11: =Detail!E259 -> 2-0 | AC11: =Detail!E260 -> 4-0 | AD11: =Detail!E261 -> 1-1 | AE11: =Detail!E262 -> 2-1 | AF11: =Validation!C10&"-"&Validation!D10 -> 44-38
A12: Golden State Warriors | B12: =Detail!E263 -> 1-1 | C12: =Detail!E264 -> 1-1 | D12: =Detail!E265 -> 1-1 | E12: =Detail!E266 -> 2-0 | F12: =Detail!E267 -> 2-0 | G12: =Detail!E268 -> 0-2 | H12: =Detail!E269 -> 2-2 | I12: =Detail!E270 -> 1-2 | J12: =Detail!E271 -> 2-0 | K12: - | L12: =Detail!E272 -> 3-2 | M12: =Detail!E273 -> 0-2 | N12: =Detail!E274 -> 0-4 | O12: =Detail!E275 -> 1-3 | P12: =Detail!E276 -> 3-1 | Q12: =Detail!E277 -> 0-2 | R12: =Detail!E278 -> 2-0 | S12: =Detail!E279 -> 3-1 | T12: =Detail!E280 -> 4-0 | U12: =Detail!E281 -> 2-0 | V12: =Detail!E282 -> 2-1 | W12: =Detail!E283 -> 2-0 | X12: =Detail!E284 -> 1-1 | Y12: =Detail!E285 -> 2-2 | Z12: =Detail!E286 -> 3-0 | AA12: =Detail!E287 -> 2-2 | AB12: =Detail!E288 -> 1-2 | AC12: =Detail!E289 -> 1-1 | AD12: =Detail!E290 -> 2-1 | AE12: =Detail!E291 -> 2-0 | AF12: =Validation!C11&"-"&Validation!D11 -> 48-34
A13: Houston Rockets | B13: =Detail!E292 -> 2-0 | C13: =Detail!E293 -> 1-1 | D13: =Detail!E294 -> 0-2 | E13: =Detail!E295 -> 1-1 | F13: =Detail!E296 -> 2-0 | G13: =Detail!E297 -> 2-0 | H13: =Detail!E298 -> 3-1 | I13: =Detail!E299 -> 1-2 | J13: =Detail!E300 -> 1-1 | K13: =Detail!E301 -> 2-3 | L13: - | M13: =Detail!E302 -> 1-1 | N13: =Detail!E303 -> 3-1 | O13: =Detail!E304 -> 1-2 | P13: =Detail!E305 -> 3-1 | Q13: =Detail!E306 -> 1-1 | R13: =Detail!E307 -> 1-1 | S13: =Detail!E308 -> 2-2 | T13: =Detail!E309 -> 4-0 | U13: =Detail!E310 -> 1-1 | V13: =Detail!E311 -> 2-3 | W13: =Detail!E312 -> 2-0 | X13: =Detail!E313 -> 2-0 | Y13: =Detail!E314 -> 3-0 | Z13: =Detail!E315 -> 2-1 | AA13: =Detail!E316 -> 0-3 | AB13: =Detail!E317 -> 3-1 | AC13: =Detail!E318 -> 2-0 | AD13: =Detail!E319 -> 2-1 | AE13: =Detail!E320 -> 2-0 | AF13: =Validation!C12&"-"&Validation!D12 -> 52-30
A14: Indiana Pacers | B14: =Detail!E321 -> 1-2 | C14: =Detail!E322 -> 2-1 | D14: =Detail!E323 -> 3-1 | E14: =Detail!E324 -> 1-2 | F14: =Detail!E325 -> 3-1 | G14: =Detail!E326 -> 3-1 | H14: =Detail!E327 -> 2-0 | I14: =Detail!E328 -> 1-1 | J14: =Detail!E329 -> 3-1 | K14: =Detail!E330 -> 2-0 | L14: =Detail!E331 -> 1-1 | M14: - | N14: =Detail!E332 -> 2-0 | O14: =Detail!E333 -> 0-2 | P14: =Detail!E334 -> 1-1 | Q14: =Detail!E335 -> 2-2 | R14: =Detail!E336 -> 1-3 | S14: =Detail!E337 -> 2-0 | T14: =Detail!E338 -> 2-1 | U14: =Detail!E339 -> 1-2 | V14: =Detail!E340 -> 0-2 | W14: =Detail!E341 -> 1-3 | X14: =Detail!E342 -> 3-1 | Y14: =Detail!E343 -> 2-0 | Z14: =Detail!E344 -> 1-1 | AA14: =Detail!E345 -> 2-0 | AB14: =Detail!E346 -> 1-1 | AC14: =Detail!E347 -> 1-2 | AD14: =Detail!E348 -> 2-0 | AE14: =Detail!E349 -> 4-0 | AF14: =Validation!C13&"-"&Validation!D13 -> 50-32
A15: LA Clippers | B15: =Detail!E350 -> 2-0 | C15: =Detail!E351 -> 0-2 | D15: =Detail!E352 -> 2-0 | E15: =Detail!E353 -> 2-0 | F15: =Detail!E354 -> 1-1 | G15: =Detail!E355 -> 1-1 | H15: =Detail!E356 -> 3-1 | I15: =Detail!E357 -> 2-2 | J15: =Detail!E358 -> 1-1 | K15: =Detail!E359 -> 4-0 | L15: =Detail!E360 -> 1-3 | M15: =Detail!E361 -> 0-2 | N15: - | O15: =Detail!E362 -> 1-3 | P15: =Detail!E363 -> 3-0 | Q15: =Detail!E364 -> 2-0 | R15: =Detail!E365 -> 1-1 | S15: =Detail!E366 -> 0-3 | T15: =Detail!E367 -> 2-1 | U15: =Detail!E368 -> 2-0 | V15: =Detail!E369 -> 0-4 | W15: =Detail!E370 -> 2-0 | X15: =Detail!E371 -> 2-0 | Y15: =Detail!E372 -> 0-4 | Z15: =Detail!E373 -> 2-1 | AA15: =Detail!E374 -> 4-0 | AB15: =Detail!E375 -> 3-1 | AC15: =Detail!E376 -> 1-1 | AD15: =Detail!E377 -> 4-0 | AE15: =Detail!E378 -> 2-0 | AF15: =Validation!C14&"-"&Validation!D14 -> 50-32
A16: Los Angeles Lakers | B16: =Detail!E379 -> 1-1 | C16: =Detail!E380 -> 1-1 | D16: =Detail!E381 -> 1-1 | E16: =Detail!E382 -> 1-1 | F16: =Detail!E383 -> 0-2 | G16: =Detail!E384 -> 0-2 | H16: =Detail!E385 -> 2-1 | I16: =Detail!E386 -> 2-2 | J16: =Detail!E387 -> 0-2 | K16: =Detail!E388 -> 3-1 | L16: =Detail!E389 -> 2-1 | M16: =Detail!E390 -> 2-0 | N16: =Detail!E391 -> 3-1 | O16: - | P16: =Detail!E392 -> 3-1 | Q16: =Detail!E393 -> 1-1 | R16: =Detail!E394 -> 0-2 | S16: =Detail!E395 -> 2-2 | T16: =Detail!E396 -> 3-0 | U16: =Detail!E397 -> 2-0 | V16: =Detail!E398 -> 1-2 | W16: =Detail!E399 -> 0-2 | X16: =Detail!E400 -> 1-1 | Y16: =Detail!E401 -> 2-2 | Z16: =Detail!E402 -> 3-1 | AA16: =Detail!E403 -> 4-0 | AB16: =Detail!E404 -> 3-1 | AC16: =Detail!E405 -> 2-0 | AD16: =Detail!E406 -> 3-1 | AE16: =Detail!E407 -> 2-0 | AF16: =Validation!C15&"-"&Validation!D15 -> 50-32
A17: Memphis Grizzlies | B17: =Detail!E408 -> 1-1 | C17: =Detail!E409 -> 1-1 | D17: =Detail!E410 -> 1-2 | E17: =Detail!E411 -> 2-0 | F17: =Detail!E412 -> 1-1 | G17: =Detail!E413 -> 0-2 | H17: =Detail!E414 -> 3-1 | I17: =Detail!E415 -> 1-2 | J17: =Detail!E416 -> 2-0 | K17: =Detail!E417 -> 1-3 | L17: =Detail!E418 -> 1-3 | M17: =Detail!E419 -> 1-1 | N17: =Detail!E420 -> 0-3 | O17: =Detail!E421 -> 1-3 | P17: - | Q17: =Detail!E422 -> 2-0 | R17: =Detail!E423 -> 2-0 | S17: =Detail!E424 -> 2-1 | T17: =Detail!E425 -> 4-0 | U17: =Detail!E426 -> 0-2 | V17: =Detail!E427 -> 0-4 | W17: =Detail!E428 -> 2-0 | X17: =Detail!E429 -> 2-0 | Y17: =Detail!E430 -> 4-0 | Z17: =Detail!E431 -> 2-1 | AA17: =Detail!E432 -> 1-2 | AB17: =Detail!E433 -> 3-1 | AC17: =Detail!E434 -> 2-0 | AD17: =Detail!E435 -> 4-0 | AE17: =Detail!E436 -> 2-0 | AF17: =Validation!C16&"-"&Validation!D16 -> 48-34
A18: Miami Heat | B18: =Detail!E437 -> 2-2 | C18: =Detail!E438 -> 1-3 | D18: =Detail!E439 -> 2-1 | E18: =Detail!E440 -> 3-1 | F18: =Detail!E441 -> 0-3 | G18: =Detail!E442 -> 1-2 | H18: =Detail!E443 -> 1-1 | I18: =Detail!E444 -> 0-2 | J18: =Detail!E445 -> 1-3 | K18: =Detail!E446 -> 2-0 | L18: =Detail!E447 -> 1-1 | M18: =Detail!E448 -> 2-2 | N18: =Detail!E449 -> 0-2 | O18: =Detail!E450 -> 1-1 | P18: =Detail!E451 -> 0-2 | Q18: - | R18: =Detail!E452 -> 0-4 | S18: =Detail!E453 -> 1-1 | T18: =Detail!E454 -> 2-0 | U18: =Detail!E455 -> 0-3 | V18: =Detail!E456 -> 0-2 | W18: =Detail!E457 -> 2-2 | X18: =Detail!E458 -> 4-0 | Y18: =Detail!E459 -> 1-1 | Z18: =Detail!E460 -> 1-1 | AA18: =Detail!E461 -> 0-2 | AB18: =Detail!E462 -> 2-0 | AC18: =Detail!E463 -> 3-1 | AD18: =Detail!E464 -> 1-1 | AE18: =Detail!E465 -> 3-1 | AF18: =Validation!C17&"-"&Validation!D17 -> 37-45
A19: Milwaukee Bucks | B19: =Detail!E466 -> 2-3 | C19: =Detail!E467 -> 0-3 | D19: =Detail!E468 -> 1-3 | E19: =Detail!E469 -> 2-1 | F19: =Detail!E470 -> 2-2 | G19: =Detail!E471 -> 0-4 | H19: =Detail!E472 -> 2-0 | I19: =Detail!E473 -> 1-1 | J19: =Detail!E474 -> 4-0 | K19: =Detail!E475 -> 0-2 | L19: =Detail!E476 -> 1-1 | M19: =Detail!E477 -> 3-1 | N19: =Detail!E478 -> 1-1 | O19: =Detail!E479 -> 2-0 | P19: =Detail!E480 -> 0-2 | Q19: =Detail!E481 -> 4-0 | R19: - | S19: =Detail!E482 -> 2-0 | T19: =Detail!E483 -> 2-0 | U19: =Detail!E484 -> 0-3 | V19: =Detail!E485 -> 0-2 | W19: =Detail!E486 -> 3-1 | X19: =Detail!E487 -> 4-0 | Y19: =Detail!E488 -> 1-1 | Z19: =Detail!E489 -> 0-2 | AA19: =Detail!E490 -> 2-0 | AB19: =Detail!E491 -> 1-1 | AC19: =Detail!E492 -> 3-0 | AD19: =Detail!E493 -> 2-0 | AE19: =Detail!E494 -> 3-0 | AF19: =Validation!C18&"-"&Validation!D18 -> 48-34
A20: Minnesota Timberwolves | B20: =Detail!E495 -> 1-1 | C20: =Detail!E496 -> 0-2 | D20: =Detail!E497 -> 2-0 | E20: =Detail!E498 -> 2-0 | F20: =Detail!E499 -> 2-0 | G20: =Detail!E500 -> 0-2 | H20: =Detail!E501 -> 2-1 | I20: =Detail!E502 -> 4-0 | J20: =Detail!E503 -> 1-1 | K20: =Detail!E504 -> 1-3 | L20: =Detail!E505 -> 2-2 | M20: =Detail!E506 -> 0-2 | N20: =Detail!E507 -> 3-0 | O20: =Detail!E508 -> 2-2 | P20: =Detail!E509 -> 1-2 | Q20: =Detail!E510 -> 1-1 | R20: =Detail!E511 -> 0-2 | S20: - | T20: =Detail!E512 -> 2-1 | U20: =Detail!E513 -> 1-1 | V20: =Detail!E514 -> 2-2 | W20: =Detail!E515 -> 2-0 | X20: =Detail!E516 -> 2-0 | Y20: =Detail!E517 -> 4-0 | Z20: =Detail!E518 -> 2-2 | AA20: =Detail!E519 -> 2-2 | AB20: =Detail!E520 -> 3-1 | AC20: =Detail!E521 -> 1-1 | AD20: =Detail!E522 -> 3-1 | AE20: =Detail!E523 -> 1-1 | AF20: =Validation!C19&"-"&Validation!D19 -> 49-33
A21: New Orleans Pelicans | B21: =Detail!E524 -> 0-2 | C21: =Detail!E525 -> 0-2 | D21: =Detail!E526 -> 0-2 | E21: =Detail!E527 -> 1-1 | F21: =Detail!E528 -> 2-0 | G21: =Detail!E529 -> 0-2 | H21: =Detail!E530 -> 1-3 | I21: =Detail!E531 -> 1-3 | J21: =Detail!E532 -> 0-2 | K21: =Detail!E533 -> 0-4 | L21: =Detail!E534 -> 0-4 | M21: =Detail!E535 -> 1-2 | N21: =Detail!E536 -> 1-2 | O21: =Detail!E537 -> 0-3 | P21: =Detail!E538 -> 0-4 | Q21: =Detail!E539 -> 0-2 | R21: =Detail!E540 -> 0-2 | S21: =Detail!E541 -> 1-2 | T21: - | U21: =Detail!E542 -> 0-2 | V21: =Detail!E543 -> 0-4 | W21: =Detail!E544 -> 0-2 | X21: =Detail!E545 -> 2-0 | Y21: =Detail!E546 -> 2-1 | Z21: =Detail!E547 -> 1-3 | AA21: =Detail!E548 -> 1-3 | AB21: =Detail!E549 -> 2-2 | AC21: =Detail!E550 -> 0-2 | AD21: =Detail!E551 -> 3-0 | AE21: =Detail!E552 -> 2-0 | AF21: =Validation!C20&"-"&Validation!D20 -> 21-61
A22: New York Knicks | B22: =Detail!E553 -> 3-2 | C22: =Detail!E554 -> 0-4 | D22: =Detail!E555 -> 4-0 | E22: =Detail!E556 -> 2-1 | F22: =Detail!E557 -> 1-2 | G22: =Detail!E558 -> 0-4 | H22: =Detail!E559 -> 1-1 | I22: =Detail!E560 -> 2-0 | J22: =Detail!E561 -> 1-3 | K22: =Detail!E562 -> 0-2 | L22: =Detail!E563 -> 1-1 | M22: =Detail!E564 -> 2-1 | N22: =Detail!E565 -> 0-2 | O22: =Detail!E566 -> 0-2 | P22: =Detail!E567 -> 2-0 | Q22: =Detail!E568 -> 3-0 | R22: =Detail!E569 -> 3-0 | S22: =Detail!E570 -> 1-1 | T22: =Detail!E571 -> 2-0 | U22: - | V22: =Detail!E572 -> 0-2 | W22: =Detail!E573 -> 3-1 | X22: =Detail!E574 -> 4-0 | Y22: =Detail!E575 -> 2-0 | Z22: =Detail!E576 -> 2-0 | AA22: =Detail!E577 -> 2-0 | AB22: =Detail!E578 -> 1-1 | AC22: =Detail!E579 -> 4-0 | AD22: =Detail!E580 -> 1-1 | AE22: =Detail!E581 -> 4-0 | AF22: =Validation!C21&"-"&Validation!D21 -> 51-31
A23: Oklahoma City Thunder | B23: =Detail!E582 -> 2-0 | C23: =Detail!E583 -> 2-0 | D23: =Detail!E584 -> 2-0 | E23: =Detail!E585 -> 2-0 | F23: =Detail!E586 -> 2-0 | G23: =Detail!E587 -> 1-1 | H23: =Detail!E588 -> 1-3 | I23: =Detail!E589 -> 2-2 | J23: =Detail!E590 -> 2-0 | K23: =Detail!E591 -> 1-2 | L23: =Detail!E592 -> 3-2 | M23: =Detail!E593 -> 2-0 | N23: =Detail!E594 -> 4-0 | O23: =Detail!E595 -> 2-1 | P23: =Detail!E596 -> 4-0 | Q23: =Detail!E597 -> 2-0 | R23: =Detail!E598 -> 2-0 | S23: =Detail!E599 -> 2-2 | T23: =Detail!E600 -> 4-0 | U23: =Detail!E601 -> 2-0 | V23: - | W23: =Detail!E602 -> 2-0 | X23: =Detail!E603 -> 2-0 | Y23: =Detail!E604 -> 3-0 | Z23: =Detail!E605 -> 4-0 | AA23: =Detail!E606 -> 3-0 | AB23: =Detail!E607 -> 2-1 | AC23: =Detail!E608 -> 2-0 | AD23: =Detail!E609 -> 4-0 | AE23: =Detail!E610 -> 2-0 | AF23: =Validation!C22&"-"&Validation!D22 -> 68-14
A24: Orlando Magic | B24: =Detail!E611 -> 2-2 | C24: =Detail!E612 -> 2-1 | D24: =Detail!E613 -> 4-0 | E24: =Detail!E614 -> 4-0 | F24: =Detail!E615 -> 1-2 | G24: =Detail!E616 -> 1-2 | H24: =Detail!E617 -> 0-2 | I24: =Detail!E618 -> 0-2 | J24: =Detail!E619 -> 2-1 | K24: =Detail!E620 -> 0-2 | L24: =Detail!E621 -> 0-2 | M24: =Detail!E622 -> 3-1 | N24: =Detail!E623 -> 0-2 | O24: =Detail!E624 -> 2-0 | P24: =Detail!E625 -> 0-2 | Q24: =Detail!E626 -> 2-2 | R24: =Detail!E627 -> 1-3 | S24: =Detail!E628 -> 0-2 | T24: =Detail!E629 -> 2-0 | U24: =Detail!E630 -> 1-3 | V24: =Detail!E631 -> 0-2 | W24: - | X24: =Detail!E632 -> 3-1 | Y24: =Detail!E633 -> 2-0 | Z24: =Detail!E634 -> 0-2 | AA24: =Detail!E635 -> 2-0 | AB24: =Detail!E636 -> 2-0 | AC24: =Detail!E637 -> 1-3 | AD24: =Detail!E638 -> 0-2 | AE24: =Detail!E639 -> 4-0 | AF24: =Validation!C23&"-"&Validation!D23 -> 41-41
A25: Philadelphia 76ers | B25: =Detail!E640 -> 0-3 | C25: =Detail!E641 -> 1-3 | D25: =Detail!E642 -> 2-2 | E25: =Detail!E643 -> 4-0 | F25: =Detail!E644 -> 2-2 | G25: =Detail!E645 -> 1-2 | H25: =Detail!E646 -> 2-0 | I25: =Detail!E647 -> 0-2 | J25: =Detail!E648 -> 1-2 | K25: =Detail!E649 -> 1-1 | L25: =Detail!E650 -> 0-2 | M25: =Detail!E651 -> 1-3 | N25: =Detail!E652 -> 0-2 | O25: =Detail!E653 -> 1-1 | P25: =Detail!E654 -> 0-2 | Q25: =Detail!E655 -> 0-4 | R25: =Detail!E656 -> 0-4 | S25: =Detail!E657 -> 0-2 | T25: =Detail!E658 -> 0-2 | U25: =Detail!E659 -> 0-4 | V25: =Detail!E660 -> 0-2 | W25: =Detail!E661 -> 1-3 | X25: - | Y25: =Detail!E662 -> 0-2 | Z25: =Detail!E663 -> 1-1 | AA25: =Detail!E664 -> 1-1 | AB25: =Detail!E665 -> 1-1 | AC25: =Detail!E666 -> 0-4 | AD25: =Detail!E667 -> 2-0 | AE25: =Detail!E668 -> 2-1 | AF25: =Validation!C24&"-"&Validation!D24 -> 24-58
A26: Phoenix Suns | B26: =Detail!E669 -> 1-1 | C26: =Detail!E670 -> 0-2 | D26: =Detail!E671 -> 1-1 | E26: =Detail!E672 -> 1-1 | F26: =Detail!E673 -> 2-0 | G26: =Detail!E674 -> 1-1 | H26: =Detail!E675 -> 3-1 | I26: =Detail!E676 -> 1-3 | J26: =Detail!E677 -> 1-1 | K26: =Detail!E678 -> 2-2 | L26: =Detail!E679 -> 0-3 | M26: =Detail!E680 -> 0-2 | N26: =Detail!E681 -> 4-0 | O26: =Detail!E682 -> 2-2 | P26: =Detail!E683 -> 0-4 | Q26: =Detail!E684 -> 1-1 | R26: =Detail!E685 -> 1-1 | S26: =Detail!E686 -> 0-4 | T26: =Detail!E687 -> 1-2 | U26: =Detail!E688 -> 0-2 | V26: =Detail!E689 -> 0-3 | W26: =Detail!E690 -> 0-2 | X26: =Detail!E691 -> 2-0 | Y26: - | Z26: =Detail!E692 -> 2-2 | AA26: =Detail!E693 -> 1-3 | AB26: =Detail!E694 -> 2-1 | AC26: =Detail!E695 -> 1-1 | AD26: =Detail!E696 -> 4-0 | AE26: =Detail!E697 -> 2-0 | AF26: =Validation!C25&"-"&Validation!D25 -> 36-46
A27: Portland Trail Blazers | B27: =Detail!E698 -> 2-0 | C27: =Detail!E699 -> 0-2 | D27: =Detail!E700 -> 1-1 | E27: =Detail!E701 -> 2-0 | F27: =Detail!E702 -> 1-1 | G27: =Detail!E703 -> 0-2 | H27: =Detail!E704 -> 1-3 | I27: =Detail!E705 -> 2-2 | J27: =Detail!E706 -> 0-2 | K27: =Detail!E707 -> 0-3 | L27: =Detail!E708 -> 1-2 | M27: =Detail!E709 -> 1-1 | N27: =Detail!E710 -> 1-2 | O27: =Detail!E711 -> 1-3 | P27: =Detail!E712 -> 1-2 | Q27: =Detail!E713 -> 1-1 | R27: =Detail!E714 -> 2-0 | S27: =Detail!E715 -> 2-2 | T27: =Detail!E716 -> 3-1 | U27: =Detail!E717 -> 0-2 | V27: =Detail!E718 -> 0-4 | W27: =Detail!E719 -> 2-0 | X27: =Detail!E720 -> 1-1 | Y27: =Detail!E721 -> 2-2 | Z27: - | AA27: =Detail!E722 -> 2-2 | AB27: =Detail!E723 -> 1-3 | AC27: =Detail!E724 -> 2-0 | AD27: =Detail!E725 -> 2-2 | AE27: =Detail!E726 -> 2-0 | AF27: =Validation!C26&"-"&Validation!D26 -> 36-46
A28: Sacramento Kings | B28: =Detail!E727 -> 1-1 | C28: =Detail!E728 -> 1-1 | D28: =Detail!E729 -> 1-1 | E28: =Detail!E730 -> 2-0 | F28: =Detail!E731 -> 1-1 | G28: =Detail!E732 -> 2-0 | H28: =Detail!E733 -> 3-0 | I28: =Detail!E734 -> 0-4 | J28: =Detail!E735 -> 1-1 | K28: =Detail!E736 -> 2-2 | L28: =Detail!E737 -> 3-0 | M28: =Detail!E738 -> 0-2 | N28: =Detail!E739 -> 0-4 | O28: =Detail!E740 -> 0-4 | P28: =Detail!E741 -> 2-1 | Q28: =Detail!E742 -> 2-0 | R28: =Detail!E743 -> 0-2 | S28: =Detail!E744 -> 2-2 | T28: =Detail!E745 -> 3-1 | U28: =Detail!E746 -> 0-2 | V28: =Detail!E747 -> 0-3 | W28: =Detail!E748 -> 0-2 | X28: =Detail!E749 -> 1-1 | Y28: =Detail!E750 -> 3-1 | Z28: =Detail!E751 -> 2-2 | AA28: - | AB28: =Detail!E752 -> 2-2 | AC28: =Detail!E753 -> 1-1 | AD28: =Detail!E754 -> 4-0 | AE28: =Detail!E755 -> 1-1 | AF28: =Validation!C27&"-"&Validation!D27 -> 40-42
A29: San Antonio Spurs | B29: =Detail!E756 -> 2-0 | C29: =Detail!E757 -> 0-2 | D29: =Detail!E758 -> 2-0 | E29: =Detail!E759 -> 0-2 | F29: =Detail!E760 -> 0-2 | G29: =Detail!E761 -> 0-2 | H29: =Detail!E762 -> 1-3 | I29: =Detail!E763 -> 2-1 | J29: =Detail!E764 -> 0-2 | K29: =Detail!E765 -> 2-1 | L29: =Detail!E766 -> 1-3 | M29: =Detail!E767 -> 1-1 | N29: =Detail!E768 -> 1-3 | O29: =Detail!E769 -> 1-3 | P29: =Detail!E770 -> 1-3 | Q29: =Detail!E771 -> 0-2 | R29: =Detail!E772 -> 1-1 | S29: =Detail!E773 -> 1-3 | T29: =Detail!E774 -> 2-2 | U29: =Detail!E775 -> 1-1 | V29: =Detail!E776 -> 1-2 | W29: =Detail!E777 -> 0-2 | X29: =Detail!E778 -> 1-1 | Y29: =Detail!E779 -> 1-2 | Z29: =Detail!E780 -> 3-1 | AA29: =Detail!E781 -> 2-2 | AB29: - | AC29: =Detail!E782 -> 2-0 | AD29: =Detail!E783 -> 3-1 | AE29: =Detail!E784 -> 2-0 | AF29: =Validation!C28&"-"&Validation!D28 -> 34-48
A30: Toronto Raptors | B30: =Detail!E785 -> 2-1 | C30: =Detail!E786 -> 1-3 | D30: =Detail!E787 -> 3-1 | E30: =Detail!E788 -> 2-1 | F30: =Detail!E789 -> 0-4 | G30: =Detail!E790 -> 0-4 | H30: =Detail!E791 -> 0-2 | I30: =Detail!E792 -> 0-2 | J30: =Detail!E793 -> 0-4 | K30: =Detail!E794 -> 1-1 | L30: =Detail!E795 -> 0-2 | M30: =Detail!E796 -> 2-1 | N30: =Detail!E797 -> 1-1 | O30: =Detail!E798 -> 0-2 | P30: =Detail!E799 -> 0-2 | Q30: =Detail!E800 -> 1-3 | R30: =Detail!E801 -> 0-3 | S30: =Detail!E802 -> 1-1 | T30: =Detail!E803 -> 2-0 | U30: =Detail!E804 -> 0-4 | V30: =Detail!E805 -> 0-2 | W30: =Detail!E806 -> 3-1 | X30: =Detail!E807 -> 4-0 | Y30: =Detail!E808 -> 1-1 | Z30: =Detail!E809 -> 0-2 | AA30: =Detail!E810 -> 1-1 | AB30: =Detail!E811 -> 0-2 | AC30: - | AD30: =Detail!E812 -> 2-0 | AE30: =Detail!E813 -> 3-1 | AF30: =Validation!C29&"-"&Validation!D29 -> 30-52
A31: Utah Jazz | B31: =Detail!E814 -> 0-2 | C31: =Detail!E815 -> 0-2 | D31: =Detail!E816 -> 2-0 | E31: =Detail!E817 -> 0-2 | F31: =Detail!E818 -> 1-1 | G31: =Detail!E819 -> 0-2 | H31: =Detail!E820 -> 1-2 | I31: =Detail!E821 -> 0-4 | J31: =Detail!E822 -> 1-1 | K31: =Detail!E823 -> 1-2 | L31: =Detail!E824 -> 1-2 | M31: =Detail!E825 -> 0-2 | N31: =Detail!E826 -> 0-4 | O31: =Detail!E827 -> 1-3 | P31: =Detail!E828 -> 0-4 | Q31: =Detail!E829 -> 1-1 | R31: =Detail!E830 -> 0-2 | S31: =Detail!E831 -> 1-3 | T31: =Detail!E832 -> 0-3 | U31: =Detail!E833 -> 1-1 | V31: =Detail!E834 -> 0-4 | W31: =Detail!E835 -> 2-0 | X31: =Detail!E836 -> 0-2 | Y31: =Detail!E837 -> 0-4 | Z31: =Detail!E838 -> 2-2 | AA31: =Detail!E839 -> 0-4 | AB31: =Detail!E840 -> 1-3 | AC31: =Detail!E841 -> 0-2 | AD31: - | AE31: =Detail!E842 -> 1-1 | AF31: =Validation!C30&"-"&Validation!D30 -> 17-65
A32: Washington Wizards | B32: =Detail!E843 -> 2-2 | C32: =Detail!E844 -> 0-4 | D32: =Detail!E845 -> 2-1 | E32: =Detail!E846 -> 4-0 | F32: =Detail!E847 -> 1-3 | G32: =Detail!E848 -> 0-4 | H32: =Detail!E849 -> 0-2 | I32: =Detail!E850 -> 2-0 | J32: =Detail!E851 -> 1-2 | K32: =Detail!E852 -> 0-2 | L32: =Detail!E853 -> 0-2 | M32: =Detail!E854 -> 0-4 | N32: =Detail!E855 -> 0-2 | O32: =Detail!E856 -> 0-2 | P32: =Detail!E857 -> 0-2 | Q32: =Detail!E858 -> 1-3 | R32: =Detail!E859 -> 0-3 | S32: =Detail!E860 -> 1-1 | T32: =Detail!E861 -> 0-2 | U32: =Detail!E862 -> 0-4 | V32: =Detail!E863 -> 0-2 | W32: =Detail!E864 -> 0-4 | X32: =Detail!E865 -> 1-2 | Y32: =Detail!E866 -> 0-2 | Z32: =Detail!E867 -> 0-2 | AA32: =Detail!E868 -> 1-1 | AB32: =Detail!E869 -> 0-2 | AC32: =Detail!E870 -> 1-3 | AD32: =Detail!E871 -> 1-1 | AE32: - | AF32: =Validation!C31&"-"&Validation!D31 -> 18-64
A33: Total
